学年,科目,テキスト名,章,節,単元,ページ
中１中２中３,社会,中学生の歴史【帝国書籍】,【第1章】歴史のとらえ方と調べ方,【第1節】歴史の流れと時代区分,【1】年代の表し方と時代区分,p.4-7
中１中２中３,社会,中学生の歴史【帝国書籍】,【第1章】歴史のとらえ方と調べ方,【第2節】歴史の調べ方・まとめ方・発表のしかた,【1】歴史の謎を探ろう,p.8-9
中１中２中３,社会,中学生の歴史【帝国書籍】,【第1章】歴史のとらえ方と調べ方,【第2節】歴史の調べ方・まとめ方・発表のしかた,【2】資料をよく見てヒントを探そう,p.10-11
中１中２中３,社会,中学生の歴史【帝国書籍】,【第1章】歴史のとらえ方と調べ方,【第2節】歴史の調べ方・まとめ方・発表のしかた,【3】謎解きの答えをまとめよう,p.12-13
中１中２中３,社会,中学生の歴史【帝国書籍】,【第2章】古代国家の成立と東アジア,【第1節】人類の登場から文明の発生へ,【1】人類がたどった進化,p.16-17
中１中２中３,社会,中学生の歴史【帝国書籍】,【第2章】古代国家の成立と東アジア,【第1節】人類の登場から文明の発生へ,【2】世界各地で生まれる文明,p.18-19
中１中２中３,社会,中学生の歴史【帝国書籍】,【第2章】古代国家の成立と東アジア,【第1節】人類の登場から文明の発生へ,【3】東アジアの文明の広がり,p.20-21
中１中２中３,社会,中学生の歴史【帝国書籍】,【第2章】古代国家の成立と東アジア,【第1節】人類の登場から文明の発生へ,【4】ギリシャとローマの政治と文明,p.22-23
中１中２中３,社会,中学生の歴史【帝国書籍】,【第2章】古代国家の成立と東アジア,【第1節】人類の登場から文明の発生へ,【5】仏教・キリスト教・イスラム教の誕生,p.24-25
中１中２中３,社会,中学生の歴史【帝国書籍】,【第2章】古代国家の成立と東アジア,【第2節】東アジアのなかの倭(日本),【1】縄文から弥生への変化,p.28-29
中１中２中３,社会,中学生の歴史【帝国書籍】,【第2章】古代国家の成立と東アジア,【第2節】東アジアのなかの倭(日本),【2】ムラがまとまりクニへ,p.30-31
中１中２中３,社会,中学生の歴史【帝国書籍】,【第2章】古代国家の成立と東アジア,【第2節】東アジアのなかの倭(日本),【3】鉄から見えるヤマト王権,p.32-33
中１中２中３,社会,中学生の歴史【帝国書籍】,【第2章】古代国家の成立と東アジア,【第3節】中国にならった国家づくり,【1】ヤマト王権と仏教伝来,p.38-39
中１中２中３,社会,中学生の歴史【帝国書籍】,【第2章】古代国家の成立と東アジア,【第3節】中国にならった国家づくり,【2】揺れ動くアジアと倭国,p.40-41
中１中２中３,社会,中学生の歴史【帝国書籍】,【第2章】古代国家の成立と東アジア,【第3節】中国にならった国家づくり,【3】律令国家での暮らし,p.42-43
中１中２中３,社会,中学生の歴史【帝国書籍】,【第2章】古代国家の成立と東アジア,【第3節】中国にならった国家づくり,【4】大陸の影響を受けた天平文化,p.44-49
中１中２中３,社会,中学生の歴史【帝国書籍】,【第2章】古代国家の成立と東アジア,【第4節】展開する天皇・貴族の政治,【1】権力を握った貴族たち,p.54-55
中１中２中３,社会,中学生の歴史【帝国書籍】,【第2章】古代国家の成立と東アジア,【第4節】展開する天皇・貴族の政治,【2】唐風から日本風へ変わる文化,p.56-59
中１中２中３,社会,中学生の歴史【帝国書籍】,【第3章】武家政権の成長と東アジア,【第1節】武士の世の始まり,【1】各地で生まれる武士団,p.66-67
中１中２中３,社会,中学生の歴史【帝国書籍】,【第3章】武家政権の成長と東アジア,【第1節】武士の世の始まり,【2】朝廷と結びつく武士,p.68-69
中１中２中３,社会,中学生の歴史【帝国書籍】,【第3章】武家政権の成長と東アジア,【第1節】武士の世の始まり,【3】鎌倉を中心とした武家政権,p.70-71
中１中２中３,社会,中学生の歴史【帝国書籍】,【第3章】武家政権の成長と東アジア,【第1節】武士の世の始まり,【4】武士や僧侶たちが広めた鎌倉文化,p.72-75
中１中２中３,社会,中学生の歴史【帝国書籍】,【第3章】武家政権の成長と東アジア,【第2節】武家政権の内と外,【1】モンゴル帝国と「蒙古襲来」,p.78-81
中１中２中３,社会,中学生の歴史【帝国書籍】,【第3章】武家政権の成長と東アジア,【第2節】武家政権の内と外,【2】南北朝の内乱と新たな幕府,p.84-85
中１中２中３,社会,中学生の歴史【帝国書籍】,【第3章】武家政権の成長と東アジア,【第2節】武家政権の内と外,【3】東アジアの交易と倭寇,p.86-87
中１中２中３,社会,中学生の歴史【帝国書籍】,【第3章】武家政権の成長と東アジア,【第2節】武家政権の内と外,【4】琉球とアイヌ民族がつなぐ交易,p.88-89
中１中２中３,社会,中学生の歴史【帝国書籍】,【第3章】武家政権の成長と東アジア,【第3節】人々の結びつきが強まる社会,【1】技術の発達とさまざまな職業,p.92-93
中１中２中３,社会,中学生の歴史【帝国書籍】,【第3章】武家政権の成長と東アジア,【第3節】人々の結びつきが強まる社会,【2】団結して自立する民衆,p.94-95
中１中２中３,社会,中学生の歴史【帝国書籍】,【第3章】武家政権の成長と東アジア,【第3節】人々の結びつきが強まる社会,【3】全国に広がる下剋上,p.96-97
中１中２中３,社会,中学生の歴史【帝国書籍】,【第3章】武家政権の成長と東アジア,【第3節】人々の結びつきが強まる社会,【4】庶民に広がる室町文化,p.98-101
中１中２中３,社会,中学生の歴史【帝国書籍】,【第4章】武家政権の展開と世界の動き,【第1節】大航海によって結びつく世界,【1】ヨーロッパの変革,p.106-107
中１中２中３,社会,中学生の歴史【帝国書籍】,【第4章】武家政権の展開と世界の動き,【第1節】大航海によって結びつく世界,【2】大航海時代の幕開け,p.108-111
中１中２中３,社会,中学生の歴史【帝国書籍】,【第4章】武家政権の展開と世界の動き,【第1節】大航海によって結びつく世界,【3】東アジアの貿易と南蛮人,p.112-113
中１中２中３,社会,中学生の歴史【帝国書籍】,【第4章】武家政権の展開と世界の動き,【第2節】戦乱から全国統一へ,【1】信長・秀吉による全国統一,p.116-117
中１中２中３,社会,中学生の歴史【帝国書籍】,【第4章】武家政権の展開と世界の動き,【第2節】戦乱から全国統一へ,【2】秀吉が導いた近世社会,p.118-119
中１中２中３,社会,中学生の歴史【帝国書籍】,【第4章】武家政権の展開と世界の動き,【第2節】戦乱から全国統一へ,【3】戦国大名と豪商が担った桃山文化,p.120-123
中１中２中３,社会,中学生の歴史【帝国書籍】,【第4章】武家政権の展開と世界の動き,【第3節】武士による全国支配の完成,【1】幕藩体制の始まり,p.124-125
中１中２中３,社会,中学生の歴史【帝国書籍】,【第4章】武家政権の展開と世界の動き,【第3節】武士による全国支配の完成,【2】朱印船貿易から貿易統制へ,p.126-127
中１中２中３,社会,中学生の歴史【帝国書籍】,【第4章】武家政権の展開と世界の動き,【第3節】武士による全国支配の完成,【3】四つに絞られた貿易の窓口,p.128-129
中１中２中３,社会,中学生の歴史【帝国書籍】,【第4章】武家政権の展開と世界の動き,【第3節】武士による全国支配の完成,【4】琉球王国とアイヌ民族への支配,p.130-131
中１中２中３,社会,中学生の歴史【帝国書籍】,【第4章】武家政権の展開と世界の動き,【第4節】天下泰平の世の中,【1】身分制の下での暮らし,p.136-137
中１中２中３,社会,中学生の歴史【帝国書籍】,【第4章】武家政権の展開と世界の動き,【第4節】天下泰平の世の中,【2】安定する社会と諸産業の発達,p.138-139
中１中２中３,社会,中学生の歴史【帝国書籍】,【第4章】武家政権の展開と世界の動き,【第4節】天下泰平の世の中,【3】各地を結ぶ陸の道・海の道,p.140-141
中１中２中３,社会,中学生の歴史【帝国書籍】,【第4章】武家政権の展開と世界の動き,【第4節】天下泰平の世の中,【4】上方で栄えた町人の元禄文化,p.144-145
中１中２中３,社会,中学生の歴史【帝国書籍】,【第4章】武家政権の展開と世界の動き,【第5節】社会の変化と幕府の対策,【1】貨幣経済の広まり,p.146-147
中１中２中３,社会,中学生の歴史【帝国書籍】,【第4章】武家政権の展開と世界の動き,【第5節】社会の変化と幕府の対策,【2】繰り返される要求と改革,p.148-149
中１中２中３,社会,中学生の歴史【帝国書籍】,【第4章】武家政権の展開と世界の動き,【第5節】社会の変化と幕府の対策,【3】江戸の庶民が担った化政文化,p.150-153
中１中２中３,社会,中学生の歴史【帝国書籍】,【第5章】近代国家の歩みと国際社会,【第1節】欧米諸国における近代化,【1】市民革命の始まり,p.162-163
中１中２中３,社会,中学生の歴史【帝国書籍】,【第5章】近代国家の歩みと国際社会,【第1節】欧米諸国における近代化,【2】人権思想からフランス革命へ,p.164-165
中１中２中３,社会,中学生の歴史【帝国書籍】,【第5章】近代国家の歩みと国際社会,【第1節】欧米諸国における近代化,【3】産業革命と資本主義の成立,p.166-167
中１中２中３,社会,中学生の歴史【帝国書籍】,【第5章】近代国家の歩みと国際社会,【第1節】欧米諸国における近代化,【4】欧米諸国の近代国家建設,p.170-171
中１中２中３,社会,中学生の歴史【帝国書籍】,【第5章】近代国家の歩みと国際社会,【第1節】欧米諸国における近代化,【5】世界進出を目指す欧米諸国,p.172-175
中１中２中３,社会,中学生の歴史【帝国書籍】,【第5章】近代国家の歩みと国際社会,【第2節】開国と幕府の終わり,【1】日本を取り巻く世界情勢の変化,p.176-177
中１中２中３,社会,中学生の歴史【帝国書籍】,【第5章】近代国家の歩みと国際社会,【第2節】開国と幕府の終わり,【2】諸藩の改革と幕府の衰退,p.178-179
中１中２中３,社会,中学生の歴史【帝国書籍】,【第5章】近代国家の歩みと国際社会,【第2節】開国と幕府の終わり,【3】黒船来航の衝撃と開国,p.180-181
中１中２中３,社会,中学生の歴史【帝国書籍】,【第5章】近代国家の歩みと国際社会,【第2節】開国と幕府の終わり,【4】江戸幕府の滅亡,p.182-185
中１中２中３,社会,中学生の歴史【帝国書籍】,【第5章】近代国家の歩みと国際社会,【第3節】明治政府による近代化の始まり,【1】新政府による改革,p.186-187
中１中２中３,社会,中学生の歴史【帝国書籍】,【第5章】近代国家の歩みと国際社会,【第3節】明治政府による近代化の始まり,【2】富国強兵を目指して,p.188-189
中１中２中３,社会,中学生の歴史【帝国書籍】,【第5章】近代国家の歩みと国際社会,【第3節】明治政府による近代化の始まり,【3】文明開化と新政府の政策,p.190-191
中１中２中３,社会,中学生の歴史【帝国書籍】,【第5章】近代国家の歩みと国際社会,【第4節】近代国家への歩み,【1】新たな外交と国境の画定,p.194-195
中１中２中３,社会,中学生の歴史【帝国書籍】,【第5章】近代国家の歩みと国際社会,【第4節】近代国家への歩み,【2】沖縄・北海道と近代化の波,p.196-197
中１中２中３,社会,中学生の歴史【帝国書籍】,【第5章】近代国家の歩みと国際社会,【第4節】近代国家への歩み,【3】自由と民権を求めて,p.200-201
中１中２中３,社会,中学生の歴史【帝国書籍】,【第5章】近代国家の歩みと国際社会,【第4節】近代国家への歩み,【4】帝国憲法の成果と課題,p.202-203
中１中２中３,社会,中学生の歴史【帝国書籍】,【第5章】近代国家の歩みと国際社会,【第5節】帝国主義と日本,【1】アジアの列強を目指して,p.206-207
中１中２中３,社会,中学生の歴史【帝国書籍】,【第5章】近代国家の歩みと国際社会,【第5節】帝国主義と日本,【2】朝鮮をめぐる対立 日清戦争,p.208-209
中１中２中３,社会,中学生の歴史【帝国書籍】,【第5章】近代国家の歩みと国際社会,【第5節】帝国主義と日本,【3】世界が注目した日露戦争,p.210-211
中１中２中３,社会,中学生の歴史【帝国書籍】,【第5章】近代国家の歩みと国際社会,【第5節】帝国主義と日本,【4】塗り替えられたアジアの地図,p.212-213
中１中２中３,社会,中学生の歴史【帝国書籍】,【第5章】近代国家の歩みと国際社会,【第6節】アジアの強国の光と影,【1】近代日本を支えた糸と鉄,p.214-215
中１中２中３,社会,中学生の歴史【帝国書籍】,【第5章】近代国家の歩みと国際社会,【第6節】アジアの強国の光と影,【2】変わる都市と農村,p.218-219
中１中２中３,社会,中学生の歴史【帝国書籍】,【第5章】近代国家の歩みと国際社会,【第6節】アジアの強国の光と影,【3】欧米の影響を受けた近代文化,p.220-223
中１中２中３,社会,中学生の歴史【帝国書籍】,【第6章】二度の世界大戦と日本,【第1節】第一次世界大戦と民族独立の動き,【1】第一次世界大戦の始まりと総力戦,p.228-229
中１中２中３,社会,中学生の歴史【帝国書籍】,【第6章】二度の世界大戦と日本,【第1節】第一次世界大戦と民族独立の動き,【2】第一次世界大戦の拡大と日本,p.230-231
中１中２中３,社会,中学生の歴史【帝国書籍】,【第6章】二度の世界大戦と日本,【第1節】第一次世界大戦と民族独立の動き,【3】第一次世界大戦後の欧米諸国,p.232-233
中１中２中３,社会,中学生の歴史【帝国書籍】,【第6章】二度の世界大戦と日本,【第1節】第一次世界大戦と民族独立の動き,【4】アジアの民族自決と国際協調,p.234-235
中１中２中３,社会,中学生の歴史【帝国書籍】,【第6章】二度の世界大戦と日本,【第2節】高まるデモクラシーの意識,【1】護憲運動と政党内閣の成立,p.238-239
中１中２中３,社会,中学生の歴史【帝国書籍】,【第6章】二度の世界大戦と日本,【第2節】高まるデモクラシーの意識,【2】社会運動の高まりと男子普通選挙の実現,p.240-241
中１中２中３,社会,中学生の歴史【帝国書籍】,【第6章】二度の世界大戦と日本,【第2節】高まるデモクラシーの意識,【3】近代都市に現れた大衆文化,p.242-245
中１中２中３,社会,中学生の歴史【帝国書籍】,【第6章】二度の世界大戦と日本,【第3節】戦争に向かう世論,【1】世界恐慌と行き詰まる日本,p.252-253
中１中２中３,社会,中学生の歴史【帝国書籍】,【第6章】二度の世界大戦と日本,【第3節】戦争に向かう世論,【2】欧米諸国が選択した道,p.254-255
中１中２中３,社会,中学生の歴史【帝国書籍】,【第6章】二度の世界大戦と日本,【第3節】戦争に向かう世論,【3】強まる軍部と衰える政党,p.256-257
中１中２中３,社会,中学生の歴史【帝国書籍】,【第6章】二度の世界大戦と日本,【第3節】戦争に向かう世論,【4】日中戦争と総力戦に向かう国民生活,p.258-259
中１中２中３,社会,中学生の歴史【帝国書籍】,【第6章】二度の世界大戦と日本,【第4節】第二次世界大戦の惨禍,【1】第二次世界大戦への道,p.262-263
中１中２中３,社会,中学生の歴史【帝国書籍】,【第6章】二度の世界大戦と日本,【第4節】第二次世界大戦の惨禍,【2】太平洋戦争と植民地支配の変化,p.264-265
中１中２中３,社会,中学生の歴史【帝国書籍】,【第6章】二度の世界大戦と日本,【第4節】第二次世界大戦の惨禍,【3】戦局の悪化と戦時下の暮らし,p.266-267
中１中２中３,社会,中学生の歴史【帝国書籍】,【第6章】二度の世界大戦と日本,【第4節】第二次世界大戦の惨禍,【4】ポツダム宣言と日本の敗戦,p.270-271
中１中２中３,社会,中学生の歴史【帝国書籍】,【第7章】現在に続く日本と世界,【第1節】敗戦から立ち直る日本,【1】敗戦からの出発,p.278-279
中１中２中３,社会,中学生の歴史【帝国書籍】,【第7章】現在に続く日本と世界,【第1節】敗戦から立ち直る日本,【2】新時代に求められた憲法,p.280-281
中１中２中３,社会,中学生の歴史【帝国書籍】,【第7章】現在に続く日本と世界,【第1節】敗戦から立ち直る日本,【3】冷たい戦争とその影響,p.282-283
中１中２中３,社会,中学生の歴史【帝国書籍】,【第7章】現在に続く日本と世界,【第2節】世界の多極化と日本の成長,【1】日本の独立と世界の動き,p.284-285
中１中２中３,社会,中学生の歴史【帝国書籍】,【第7章】現在に続く日本と世界,【第2節】世界の多極化と日本の成長,【2】冷戦下での日本とアジア,p.288-289
中１中２中３,社会,中学生の歴史【帝国書籍】,【第7章}現在に続く日本と世界,【第2節】世界の多極化と日本の成長,【3】経済成長による日本の変化,p.290-291
中１中２中３,社会,中学生の歴史【帝国書籍】,【第7章】現在に続く日本と世界,【第2節】世界の多極化と日本の成長,【4】日本の社会と国際関係の変化,p.292-293
中１中２中３,社会,中学生の歴史【帝国書籍】,【第7章】現在に続く日本と世界,【第2節】世界の多極化と日本の成長,【5】大衆化・多様化する戦後の文化,p.294-297
中１中２中３,社会,中学生の歴史【帝国書籍】,【第7章】現在に続く日本と世界,【第3節】これからの日本と世界,【1】グローバル化が進む世界,p.298-299
中１中２中３,社会,中学生の歴史【帝国書籍】,【第7章】現在に続く日本と世界,【第3節】これからの日本と世界,【2】激変する日本とアジア,p.300-301
中１中２中３,社会,中学生の歴史【帝国書籍】,【第7章】現在に続く日本と世界,【第3節】これからの日本と世界,【3】国際社会におけるこれからの日本,p.302-303
中１中２中３,社会,中学生の公民【帝国書籍】,【第1章】現代社会と私たち,【第1節】現代社会の特色,【1】私たちと持続可能な社会,p.4-5
中１中２中３,社会,中学生の公民【帝国書籍】,【第1章】現代社会と私たち,【第1節】現代社会の特色,【2】情報化が進む現代,p.6-7
中１中２中３,社会,中学生の公民【帝国書籍】,【第1章】現代社会と私たち,【第1節】現代社会の特色,【3】グローバル化が進む現代,p.8-9
中１中２中３,社会,中学生の公民【帝国書籍】,【第1章】現代社会と私たち,【第1節】現代社会の特色,【4】少子高齢化が進む現代,p.10-11
中１中２中３,社会,中学生の公民【帝国書籍】,【第1章】現代社会と私たち,【第1節】現代社会の特色,【1】生活に息づく文化,p.12-13
中１中２中３,社会,中学生の公民【帝国書籍】,【第1章】現代社会と私たち,【第1節】現代社会の特色,【2】日本の文化とその継承,p.14-15
中１中２中３,社会,中学生の公民【帝国書籍】,【第1章】現代社会と私たち,【第1節】現代社会の特色,【1】社会的存在として生きる私たち,p.17
中１中２中３,社会,中学生の公民【帝国書籍】,【第1章】現代社会と私たち,【第1節】現代社会の特色,【2】効率と公正,p.18-19
中１中２中３,社会,中学生の公民【帝国書籍】,【第1章】現代社会と私たち,【第1節】現代社会の特色,【3】私たちときまり,p.20-21
中１中２中３,社会,中学生の公民【帝国書籍】,【第1章】日本国憲法と私たち,【第1節】民主主義と日本国憲法,【1】民主主義と立憲主義,p.32-33
中１中２中３,社会,中学生の公民【帝国書籍】,【第1章】日本国憲法と私たち,【第1節】民主主義と日本国憲法,【2】人権保障と法の支配,p.34-35
中１中２中３,社会,中学生の公民【帝国書籍】,【第1章】日本国憲法と私たち,【第1節】民主主義と日本国憲法,【3】日本国憲法の成立と特色,p.36-37
中１中２中３,社会,中学生の公民【帝国書籍】,【第1章】日本国憲法と私たち,【第1節】民主主義と日本国憲法,【4】日本国憲法における国民主権,p.38-39
中１中２中３,社会,中学生の公民【帝国書籍】,【第1章】日本国憲法と私たち,【第1節】民主主義と日本国憲法,【5】日本の平和主義,p.40-41
中１中２中３,社会,中学生の公民【帝国書籍】,【第1章】日本国憲法と私たち,【第2節】基本的人権の尊重,【1】個人の尊重と憲法上の権利,p.44-45
中１中２中３,社会,中学生の公民【帝国書籍】,【第1章】日本国憲法と私たち,【第2節】基本的人権の尊重,【2】自由権,p.46-47
中１中２中３,社会,中学生の公民【帝国書籍】,【第1章】日本国憲法と私たち,【第2節】基本的人権の尊重,【3】平等権と差別されない権利,p.48-49
中１中２中３,社会,中学生の公民【帝国書籍】,【第1章】日本国憲法と私たち,【第2節】基本的人権の尊重,【4】平等権の実現に向けて,p.50-51
中１中２中３,社会,中学生の公民【帝国書籍】,【第1章】日本国憲法と私たち,【第2節】基本的人権の尊重,【5】社会権,p.54-55
中１中２中３,社会,中学生の公民【帝国書籍】,【第1章】日本国憲法と私たち,【第2節】基本的人権の尊重,【6】人権を守るための権利と制度,p.56-57
中１中２中３,社会,中学生の公民【帝国書籍】,【第1章】日本国憲法と私たち,【第2節】基本的人権の尊重,【7】広がる人権の考え方,p.58-59
中１中２中３,社会,中学生の公民【帝国書籍】,【第1章】日本国憲法と私たち,【第2節】基本的人権の尊重,【8】情報社会と人権,p.60-61
中１中２中３,社会,中学生の公民【帝国書籍】,【第1章】日本国憲法と私たち,【第2節】基本的人権の尊重,【9】公共の福祉と国民の義務,p.62-63
中１中２中３,社会,中学生の公民【帝国書籍】,【第1章】日本国憲法と私たち,【第3節】法の支配を支えるしくみ,【1】権力の分立,p.66-67
中１中２中３,社会,中学生の公民【帝国書籍】,【第1章】日本国憲法と私たち,【第3節】法の支配を支えるしくみ,【2】憲法の保障・改正と私たち,p.68-69
中１中２中３,社会,中学生の公民【帝国書籍】,【第2章】政治と私たち,【第1節】民主政治と私たち,【1】民主主義と政治,p.76-77
中１中２中３,社会,中学生の公民【帝国書籍】,【第2章】政治と私たち,【第1節】民主政治と私たち,【2】世論とメディア,p.78-79
中１中２中３,社会,中学生の公民【帝国書籍】,【第2章】政治と私たち,【第1節】民主政治と私たち,【3】政党の役割,p.80-81
中１中２中３,社会,中学生の公民【帝国書籍】,【第2章】政治と私たち,【第1節】民主政治と私たち,【4】選挙制度とその課題,p.82-83
中１中２中３,社会,中学生の公民【帝国書籍】,【第2章】政治と私たち,【第2節】国の政治のしくみ,【1】国会の役割としくみ,p.86-87
中１中２中３,社会,中学生の公民【帝国書籍】,【第2章】政治と私たち,【第2節】国の政治のしくみ,【2】国会の審議と課題,p.88-89
中１中２中３,社会,中学生の公民【帝国書籍】,【第2章】政治と私たち,【第2節】国の政治のしくみ,【3】内閣の役割と議院内閣制,p.90-91
中１中２中３,社会,中学生の公民【帝国書籍】,【第2章】政治と私たち,【第2節】国の政治のしくみ,【4】行政の役割と課題,p.92-93
中１中２中３,社会,中学生の公民【帝国書籍】,【第2章】政治と私たち,【第2節】国の政治のしくみ,【5】私たちの生活と裁判,p.94-95
中１中２中３,社会,中学生の公民【帝国書籍】,【第2章】政治と私たち,【第2節】国の政治のしくみ,【6】法の支配と司法,p.96-97
中１中２中３,社会,中学生の公民【帝国書籍】,【第2章】政治と私たち,【第3節】地方自治と私たち,【1】地方自治と地方公共団体,p.100-101
中１中２中３,社会,中学生の公民【帝国書籍】,【第2章】政治と私たち,【第3節】地方自治と私たち,【2】地方公共団体のしくみと住民参加,p.102-103
中１中２中３,社会,中学生の公民【帝国書籍】,【第2章】政治と私たち,【第3節】地方自治と私たち,【3】地方財政の現状と課題,p.104-105
中１中２中３,社会,中学生の公民【帝国書籍】,【第2章】政治と私たち,【第3節】地方自治と私たち,【4】私たちと政治参加,p.106-107
中１中２中３,社会,中学生の公民【帝国書籍】,【第1章】経済活動と私たち,【第1節】経済のしくみと消費,【1】経済活動のしくみ,p.118-119
中１中２中３,社会,中学生の公民【帝国書籍】,【第1章】経済活動と私たち,【第1節】経済のしくみと消費,【2】家計と消費,p.122-123
中１中２中３,社会,中学生の公民【帝国書籍】,【第1章】経済活動と私たち,【第1節】経済のしくみと消費,【3】変化する消費と流通,p.124-125
中１中２中３,社会,中学生の公民【帝国書籍】,【第1章】経済活動と私たち,【第1節】経済のしくみと消費,【4】契約と消費者問題,p.126-127
中１中２中３,社会,中学生の公民【帝国書籍】,【第1章】経済活動と私たち,【第2節】企業と生産,【1】私たちの生活と企業,p.132-133
中１中２中３,社会,中学生の公民【帝国書籍】,【第1章】経済活動と私たち,【第2節】企業と生産,【2】企業の種類と株式会社,p.134-135
中１中２中３,社会,中学生の公民【帝国書籍】,【第1章】経済活動と私たち,【第2節】企業と生産,【3】企業の競争と独占,p.136-137
中１中２中３,社会,中学生の公民【帝国書籍】,【第1章】経済活動と私たち,【第2節】企業と生産,【4】働くことの意義と労働者の権利,p.138-139
中１中２中３,社会,中学生の公民【帝国書籍】,【第1章】経済活動と私たち,【第2節】企業と生産,【5】労働環境の変化と私たち,p.140-141
中１中２中３,社会,中学生の公民【帝国書籍】,【第1章】経済活動と私たち,【第2節】企業と生産,【6】企業の社会的責任,p.142-143
中１中２中３,社会,中学生の公民【帝国書籍】,【第1章】経済活動と私たち,【第3節】市場経済と金融のしくみ,【1】市場経済と価格の働き,p.146-147
中１中２中３,社会,中学生の公民【帝国書籍】,【第1章】経済活動と私たち,【第3節】市場経済と金融のしくみ,【2】お金の役割,p.148-149
中１中２中３,社会,中学生の公民【帝国書籍】,【第1章】経済活動と私たち,【第3節】市場経済と金融のしくみ,【3】金融のしくみと働き,p.150-151
中１中２中３,社会,中学生の公民【帝国書籍】,【第1章】経済活動と私たち,【第3節】市場経済と金融のしくみ,【4】日本銀行と金融政策,p.152-153
中１中２中３,社会,中学生の公民【帝国書籍】,【第1章】経済活動と私たち,【第4節】財政と私たち,【1】私たちの生活と財政,p.156-157
中１中２中３,社会,中学生の公民【帝国書籍】,【第1章】経済活動と私たち,【第4節】財政と私たち,【2】国の支出と収入,p.158-159
中１中２中３,社会,中学生の公民【帝国書籍】,【第1章】経済活動と私たち,【第4節】財政と私たち,【3】社会資本と環境保全,p.160-161
中１中２中３,社会,中学生の公民【帝国書籍】,【第1章】経済活動と私たち,【第4節】財政と私たち,【4】社会保障と少子高齢化,p.162-163
中１中２中３,社会,中学生の公民【帝国書籍】,【第1章】経済活動と私たち,【第4節】財政と私たち,【5】これからの日本の財政,p.164-165
中１中２中３,社会,中学生の公民【帝国書籍】,【第1章】経済活動と私たち,【第5節】日本経済の課題とこれから,【1】安定した経済成長へ,p.168-169
中１中２中３,社会,中学生の公民【帝国書籍】,【第1章】経済活動と私たち,【第5節】日本経済の課題とこれから,【2】グローバル化と日本経済,p.170-171
中１中２中３,社会,中学生の公民【帝国書籍】,【第1章】経済活動と私たち,【第5節】日本経済の課題とこれから,【3】これからの日本経済,p.172-173
中１中２中３,社会,中学生の公民【帝国書籍】,【第1章】国際社会と私たち,【第1節】国際社会のしくみ,【1】国家と国際社会,p.184-185
中１中２中３,社会,中学生の公民【帝国書籍】,【第1章】国際社会と私たち,【第1節】国際社会のしくみ,【2】領土をめぐる取り組み,p.186-187
中１中２中３,社会,中学生の公民【帝国書籍】,【第1章】国際社会と私たち,【第1節】国際社会のしくみ,【3】国際連合の役割と課題,p.188-189
中１中２中３,社会,中学生の公民【帝国書籍】,【第1章】国際社会と私たち,【第1節】国際社会のしくみ,【4】持続可能な国際社会に向けて,p.190-191
中１中２中３,社会,中学生の公民【帝国書籍】,【第1章】国際社会と私たち,【第2節】地球的課題とその解決,【1】現代における紛争,p.192-193
中１中２中３,社会,中学生の公民【帝国書籍】,【第1章】国際社会と私たち,【第2節】地球的課題とその解決,【2】兵器の脅威と軍縮の意義,p.194-195
中１中２中３,社会,中学生の公民【帝国書籍】,【第1章】国際社会と私たち,【第2節】地球的課題とその解決,【3】地球規模で広がる環境問題,p.196-197
中１中２中３,社会,中学生の公民【帝国書籍】,【第1章】国際社会と私たち,【第2節】地球的課題とその解決,【4】資源・エネルギーの問題,p.198-199
中１中２中３,社会,中学生の公民【帝国書籍】,【第1章】国際社会と私たち,【第2節】地球的課題とその解決,【5】脱炭素社会に向けた取り組み,p.200-201
中１中２中３,社会,中学生の公民【帝国書籍】,【第1章】国際社会と私たち,【第2節】地球的課題とその解決,【6】国際社会の変化,p.202-203
中１中２中３,社会,中学生の公民【帝国書籍】,【第1章】国際社会と私たち,【第2節】地球的課題とその解決,【7】貧困問題とその解消,p.204-205
中１中２中３,社会,中学生の公民【帝国書籍】,【第1章】国際社会と私たち,【第2節】地球的課題とその解決,【8】国際社会における日本の役割,p.206-207
中１,数学,未来へひろがる数学１【啓林館】,【1章】正の数・負の数,【1節】正の数・負の数,【1】0より小さい数,p.14-16
中１,数学,未来へひろがる数学１【啓林館】,【1章】正の数・負の数,【1節】正の数・負の数,【2】正の数・負の数で量を表すこと,p.17-18
中１,数学,未来へひろがる数学１【啓林館】,【1章】正の数・負の数,【1節】正の数・負の数,【3】絶対値と数の大小,p.19-22
中１,数学,未来へひろがる数学１【啓林館】,【1章】正の数・負の数,【2節】正の数・負の数の計算,【1】正の数・負の数の加法・減法,p.24-32
中１,数学,未来へひろがる数学１【啓林館】,【1章】正の数・負の数,【2節】正の数・負の数の計算,【2】正の数・負の数の乗法・除法,p.33-41
中１,数学,未来へひろがる数学１【啓林館】,【1章】正の数・負の数,【2節】正の数・負の数の計算,【3】いろいろな計算,p.42-45
中１,数学,未来へひろがる数学１【啓林館】,【1章】正の数・負の数,【2節】正の数・負の数の計算,【4】数の世界のひろがり,p.46-50
中１,数学,未来へひろがる数学１【啓林館】,【1章】正の数・負の数,【3節】正の数・負の数の利用,【1】正の数・負の数の利用,p.52-53
中１,数学,未来へひろがる数学１【啓林館】,【2章】文字の式,【1節】文字を使った式,【1】数量を文字で表すこと,p.60-61
中１,数学,未来へひろがる数学１【啓林館】,【2章】文字の式,【1節】文字を使った式,【2】文字式の表し方,p.62-65
中１,数学,未来へひろがる数学１【啓林館】,【2章】文字の式,【1節】文字を使った式,【3】式の値,p.66-68
中１,数学,未来へひろがる数学１【啓林館】,【2章】文字の式,【2節】文字式の計算,【1】文字式の加法・減法,p.70-74
中１,数学,未来へひろがる数学１【啓林館】,【2章】文字の式,【2節】文字式の計算,【2】文字式と数の乗法・除法,p.75-77
中１,数学,未来へひろがる数学１【啓林館】,【2章】文字の式,【2節】文字式の計算,【3】関係を表す式,p.78-81
中１,数学,未来へひろがる数学１【啓林館】,【2章】文字の式,【3節】文字式の利用,【1】文字式の利用,p.83
中１,数学,未来へひろがる数学１【啓林館】,【3章】方程式,【1節】方程式,【1】方程式とその解,p.90-93
中１,数学,未来へひろがる数学１【啓林館】,【3章】方程式,【1節】方程式,【2】方程式の解き方,p.94-98
中１,数学,未来へひろがる数学１【啓林館】,【3章】方程式,【1節】方程式,【3】比と比例式,p.99-100
中１,数学,未来へひろがる数学１【啓林館】,【3章】方程式,【2節】方程式の利用,【1】方程式の利用,p.102-108
中１,数学,未来へひろがる数学１【啓林館】,【3章】方程式,【2節】方程式の利用,【2】比例式の利用,p.109
中１,数学,未来へひろがる数学１【啓林館】,【4章】変化と対応,【1節】関数,【1】関数,p.116-118
中１,数学,未来へひろがる数学１【啓林館】,【4章】変化と対応,【2節】比例,【1】比例の式,p.120-123
中１,数学,未来へひろがる数学１【啓林館】,【4章】変化と対応,【2節】比例,【2】座標,p.124-125
中１,数学,未来へひろがる数学１【啓林館】,【4章】変化と対応,【2節】比例,【3】比例のグラフ,p.126-129
中１,数学,未来へひろがる数学１【啓林館】,【4章】変化と対応,【3節】反比例,【1】反比例の式,p.131-133
中１,数学,未来へひろがる数学１【啓林館】,【4章】変化と対応,【3節】反比例,【2】反比例のグラフ,p.134-138
中１,数学,未来へひろがる数学１【啓林館】,【4章】変化と対応,【4節】比例 反比例の利用,【1】比例 反比例の利用,p.140-143
中１,数学,未来へひろがる数学１【啓林館】,【5章】平面図形,【1節】直線と図形,【1】直線と図形,p.150-154
中１,数学,未来へひろがる数学１【啓林館】,【5章】平面図形,【2節】移動と作図,【1】図形の移動,p.156-161
中１,数学,未来へひろがる数学１【啓林館】,【5章】平面図形,【2節】移動と作図,【2】基本の作図,p.162-165
中１,数学,未来へひろがる数学１【啓林館】,【5章】平面図形,【3節】移動と基本の作図の利用,【1】図形の移動と基本の作図の利用,p.167-168
中１,数学,未来へひろがる数学１【啓林館】,【5章】平面図形,【4節】円とおうぎ形,【1】円とおうぎ形の性質,p.170-172
中１,数学,未来へひろがる数学１【啓林館】,【5章】平面図形,【4節】円とおうぎ形,【2】円とおうぎ形の計量,p.173-177
中１,数学,未来へひろがる数学１【啓林館】,【6章】空間図形,【1節】立体と空間図形,【1】いろいろな立体,p.184-192
中１,数学,未来へひろがる数学１【啓林館】,【6章】空間図形,【1節】立体と空間図形,【2】空間内の平面と直線,p.193-199
中１,数学,未来へひろがる数学１【啓林館】,【6章】空間図形,【1節】立体と空間図形,【3】立体の構成,p.200-202
中１,数学,未来へひろがる数学１【啓林館】,【6章】空間図形,【2節】立体の体積と表面積,【1】立体の体積,p.204-207
中１,数学,未来へひろがる数学１【啓林館】,【6章】空間図形,【2節】立体の体積と表面積,【2】立体の表面積,p.208-212
中１,数学,未来へひろがる数学１【啓林館】,【6章】空間図形,【3節】空間図形の利用,【1】空間図形の利用,p.214-215
中１,数学,未来へひろがる数学１【啓林館】,【7章】データの活用,【1節】ヒストグラムと相対度数,【1】データを活用して,p.222-234
中１,数学,未来へひろがる数学１【啓林館】,【7章】データの活用,【1節】ヒストグラムと相対度数,【2】整理されたデータから読みとろう,p.235-238
中１,数学,未来へひろがる数学１【啓林館】,【7章】データの活用,【2節】データにもとづく確率,【1】相対度数と確率,p.240-243
中２,数学,未来へひろがる数学２【啓林館】,【1章】式の計算,【1節】式の計算,【1】式の加法・減法,p.14-17
中２,数学,未来へひろがる数学２【啓林館】,【1章】式の計算,【1節】式の計算,【2】いろいろな多項式の計算,p.18-20
中２,数学,未来へひろがる数学２【啓林館】,【1章】式の計算,【1節】式の計算,【3】単項式の乗法・除法,p.21-23
中２,数学,未来へひろがる数学２【啓林館】,【1章】式の計算,【2節】文字式の利用,【1】文字式の利用,p.25-31
中２,数学,未来へひろがる数学２【啓林館】,【2章】連立方程式,【1節】連立方程式,【1】連立方程式とその解,p.38-40
中２,数学,未来へひろがる数学２【啓林館】,【2章】連立方程式,【1節】連立方程式,【2】連立方程式の解き方,p.41-48
中２,数学,未来へひろがる数学２【啓林館】,【2章】連立方程式,【2節】連立方程式の利用,【1】連立方程式の利用,p.50-55
中２,数学,未来へひろがる数学２【啓林館】,【3章】一次関数,【1節】一次関数とグラフ,【1】一次関数,p.62-64
中２,数学,未来へひろがる数学２【啓林館】,【3章】一次関数,【1節】一次関数とグラフ,【2】一次関数の値の変化,p.65-67
中２,数学,未来へひろがる数学２【啓林館】,【3章】一次関数,【1節】一次関数とグラフ,【3】一次関数のグラフ,p.68-74
中２,数学,未来へひろがる数学２【啓林館】,【3章】一次関数,【1節】一次関数とグラフ,【4】一次関数の式を求めること,p.75-78
中２,数学,未来へひろがる数学２【啓林館】,【3章】一次関数,【2節】一次関数と方程式,【1】方程式とグラフ,p.80-83
中２,数学,未来へひろがる数学２【啓林館】,【3章】一次関数,【2節】一次関数と方程式,【2】連立方程式とグラフ,p.84-85
中２,数学,未来へひろがる数学２【啓林館】,【3章】一次関数,【3節】一次関数の利用,【1】一次関数の利用,p.87-91
中２,数学,未来へひろがる数学２【啓林館】,【4章】図形の調べ方,【1節】平行と合同,【1】角と平行線,p.98-102
中２,数学,未来へひろがる数学２【啓林館】,【4章】図形の調べ方,【1節】平行と合同,【2】多角形の角,p.103-109
中２,数学,未来へひろがる数学２【啓林館】,【4章】図形の調べ方,【1節】平行と合同,【3】三角形の合同,p.110-113
中２,数学,未来へひろがる数学２【啓林館】,【4章】図形の調べ方,【2節】図形の性質の利用,【1】図形の性質の利用,p.115-117
中２,数学,未来へひろがる数学２【啓林館】,【4章】図形の調べ方,【3節】証明,【1】証明とそのしくみ,p.119-122
中２,数学,未来へひろがる数学２【啓林館】,【4章】図形の調べ方,【3節】証明,【2】証明の進め方,p.123-125
中２,数学,未来へひろがる数学２【啓林館】,【5章】図形の性質と証明,【1節】三角形,【1】二等辺三角形,p.132-139
中２,数学,未来へひろがる数学２【啓林館】,【5章】図形の性質と証明,【1節】三角形,【2】直角三角形の合同,p.140-143
中２,数学,未来へひろがる数学２【啓林館】,【5章】図形の性質と証明,【2節】四角形,【1】平行四辺形の性質,p.145-147
中２,数学,未来へひろがる数学２【啓林館】,【5章】図形の性質と証明,【2節】四角形,【2】平行四辺形になるための条件,p.148-151
中２,数学,未来へひろがる数学２【啓林館】,【5章】図形の性質と証明,【2節】四角形,【3】いろいろな四角形,p.152-154
中２,数学,未来へひろがる数学２【啓林館】,【5章】図形の性質と証明,【2節】四角形,【4】平行線と面積,p.155-156
中２,数学,未来へひろがる数学２【啓林館】,【5章】図形の性質と証明,【3節】図形の性質と証明の利用,【1】図形の性質を利用した証明,p.158-159
中２,数学,未来へひろがる数学２【啓林館】,【6章】場合の数と確率,【1節】場合の数と確率,【1】確率の求め方,p.166-168
中２,数学,未来へひろがる数学２【啓林館】,【6章】場合の数と確率,【1節】場合の数と確率,【2】いろいろな確率,p.169-174
中２,数学,未来へひろがる数学２【啓林館】,【6章】場合の数と確率,【2節】確率の利用,【1】確率の利用,p.176-177
中２,数学,未来へひろがる数学２【啓林館】,【7章】箱ひげ図とデータの活用,【1節】箱ひげ図,【1】箱ひげ図,p.182-186
中２,数学,未来へひろがる数学２【啓林館】,【7章】箱ひげ図とデータの活用,【1節】箱ひげ図,【2】データを活用して,p.187-189
中３,数学,未来へひろがる数学３【啓林館】,【1章】式の展開と因数分解,【1節】式の展開と因数分解,【1】式の乗法・除法,p.14-17
中３,数学,未来へひろがる数学３【啓林館】,【1章】式の展開と因数分解,【1節】式の展開と因数分解,【2】乗法の公式,p.18-22
中３,数学,未来へひろがる数学３【啓林館】,【1章】式の展開と因数分解,【1節】式の展開と因数分解,【3】因数分解,p.23-29
中３,数学,未来へひろがる数学３【啓林館】,【1章】式の展開と因数分解,【2節】式の計算の利用,【1】式の計算の利用,p.31-35
中３,数学,未来へひろがる数学３【啓林館】,【2章】平方根,【1節】平方根,【1】平方根,p.42-45
中３,数学,未来へひろがる数学３【啓林館】,【2章】平方根,【1節】平方根,【2】平方根の値,p.46-47
中３,数学,未来へひろがる数学３【啓林館】,【2章】平方根,【1節】平方根,【3】有理数と無理数,p.48-49
中３,数学,未来へひろがる数学３【啓林館】,【2章】平方根,【1節】平方根,【4】真の値と近似値,p.50-51
中３,数学,未来へひろがる数学３【啓林館】,【2章】平方根,【2節】根号をふくむ式の計算,【1】根号をふくむ式の乗法・除法,p.53-57
中３,数学,未来へひろがる数学３【啓林館】,【2章】平方根,【2節】根号をふくむ式の計算,【2】根号をふくむ式の計算,p.58-60
中３,数学,未来へひろがる数学３【啓林館】,【2章】平方根,【3節】平方根の利用,【1】平方根の利用,p.62-63
中３,数学,未来へひろがる数学３【啓林館】,【3章】二次方程式,【1節】二次方程式,【1】二次方程式とその解き方,p.70-73
中３,数学,未来へひろがる数学３【啓林館】,【3章】二次方程式,【1節】二次方程式,【2】二次方程式の解の公式,p.74-76
中３,数学,未来へひろがる数学３【啓林館】,【3章】二次方程式,【1節】二次方程式,【3】二次方程式と因数分解,p.77-80
中３,数学,未来へひろがる数学３【啓林館】,【3章】二次方程式,【2節】二次方程式の利用,【1】二次方程式の利用,p.82-87
中３,数学,未来へひろがる数学３【啓林館】,【4章】関数 y=ax^2,【1節】関数 y=ax^2とグラフ,【1】関数 y=ax^2,p.94-96
中３,数学,未来へひろがる数学３【啓林館】,【4章】関数 y=ax^2,【1節】関数 y=ax^2とグラフ,【2】関数 y=ax^2のグラフ,p.97-103
中３,数学,未来へひろがる数学３【啓林館】,【4章】関数 y=ax^2,【2節】関数 y=ax^2の値の変化,【1】関数 y=ax^2の値の増減と変域,p.105-107
中３,数学,未来へひろがる数学３【啓林館】,【4章】関数 y=ax^2,【2節】関数 y=ax^2の値の変化,【2】関数 y=ax^2の変化の割合,p.108-111
中３,数学,未来へひろがる数学３【啓林館】,【4章】関数 y=ax^2,【3節】いろいろな事象と関数の利用,【1】関数 y=ax^2の利用,p.113-115
中３,数学,未来へひろがる数学３【啓林館】,【4章】関数 y=ax^2,【3節】いろいろな事象と関数の利用,【2】いろいろな関数の利用,p.116-117
中３,数学,未来へひろがる数学３【啓林館】,【5章】図形と相似,【1節】図形と相似,【1】相似な図形,p.124-127
中３,数学,未来へひろがる数学３【啓林館】,【5章】図形と相似,【1節】図形と相似,【2】三角形の相似条件,p.128-130
中３,数学,未来へひろがる数学３【啓林館】,【5章】図形と相似,【1節】図形と相似,【3】三角形の相似条件と証明,p.131-133
中３,数学,未来へひろがる数学３【啓林館】,【5章】図形と相似,【2節】平行線と線分の比,【1】平行線と線分の比,p.135-142
中３,数学,未来へひろがる数学３【啓林館】,【5章】図形と相似,【2節】平行線と線分の比,【2】中点連結定理,p.143-144
中３,数学,未来へひろがる数学３【啓林館】,【5章】図形と相似,【3節】相似な図形の計量,【1】相似な図形の面積,p.146-148
中３,数学,未来へひろがる数学３【啓林館】,【5章】図形と相似,【3節】相似な図形の計量,【2】相似な立体の表面積・体積,p.149-152
中３,数学,未来へひろがる数学３【啓林館】,【5章】図形と相似,【4節】相似の利用,【1】相似の利用,p.154-157
中３,数学,未来へひろがる数学３【啓林館】,【6章】円の性質,【1節】円周角と中心角,【1】円周角と中心角,p.164-168
中３,数学,未来へひろがる数学３【啓林館】,【6章】円の性質,【1節】円周角と中心角,【2】円周角の定理の逆,p.169-171
中３,数学,未来へひろがる数学３【啓林館】,【6章】円の性質,【2節】円の性質の利用,【1】円の性質の利用,p.173-177
中３,数学,未来へひろがる数学３【啓林館】,【7章】三平方の定理,【1節】直角三角形の3辺の関係,【1】三平方の定理,p.184-189
中３,数学,未来へひろがる数学３【啓林館】,【7章】三平方の定理,【2節】三平方の定理の利用,【1】平面における線分の長さや面積,p.191-195
中３,数学,未来へひろがる数学３【啓林館】,【7章】三平方の定理,【2節】三平方の定理の利用,【2】空間における線分の長さや体積,p.196-199
中３,数学,未来へひろがる数学３【啓林館】,【8章】標本調査とデータの活用,【1節】標本調査,【1】標本調査の方法,p.206-210
中３,数学,未来へひろがる数学３【啓林館】,【8章】標本調査とデータの活用,【1節】標本調査,【2】母集団と標本の関係,p.211-213
中３,数学,未来へひろがる数学３【啓林館】,【8章】標本調査とデータの活用,【1節】標本調査,【3】データを活用して,p.214-217
中１,理科,未来へひろがるサイエンス１【啓林館】,【単元1】いろいろな生物とその共通点,【第1章】植物の特徴と分類,【1】花のつくり,p.20-27
中１,理科,未来へひろがるサイエンス１【啓林館】,【単元1】いろいろな生物とその共通点,【第1章】植物の特徴と分類,【2】子葉、葉、根のつくり,p.28-30
中１,理科,未来へひろがるサイエンス１【啓林館】,【単元1】いろいろな生物とその共通点,【第1章】植物の特徴と分類,【3】種子をつくらない植物,p.31-32
中１,理科,未来へひろがるサイエンス１【啓林館】,【単元1】いろいろな生物とその共通点,【第1章】植物の特徴と分類,【4】植物の分類,p.33-35
中１,理科,未来へひろがるサイエンス１【啓林館】,【単元1】いろいろな生物とその共通点,【第2章】動物の特徴と分類,【1】動物の体のつくりと生活,p.36-39
中１,理科,未来へひろがるサイエンス１【啓林館】,【単元1】いろいろな生物とその共通点,【第2章】動物の特徴と分類,【2】背骨のある動物,p.40-47
中１,理科,未来へひろがるサイエンス１【啓林館】,【単元1】いろいろな生物とその共通点,【第2章】動物の特徴と分類,【3】背骨のない動物,p.48-50
中１,理科,未来へひろがるサイエンス１【啓林館】,【単元1】いろいろな生物とその共通点,【第2章】動物の特徴と分類,【4】動物の分類,p.51-53
中１,理科,未来へひろがるサイエンス１【啓林館】,【単元2】活きている地球,【第1章】身近な大地,【1】身近な大地の変化,p.66-69
中１,理科,未来へひろがるサイエンス１【啓林館】,【単元2】活きている地球,【第1章】身近な大地,【2】地域の大地の観察,p.70-72
中１,理科,未来へひろがるサイエンス１【啓林館】,【単元3】身のまわりの物質,【第2章】いろいろな気体とその性質,【1】気体の区別,p.151-157
中１,理科,未来へひろがるサイエンス１【啓林館】,【単元3】身のまわりの物質,【第2章】いろいろな気体とその性質,【2】身のまわりのものから発生した気体の区別,p.158-160
中１,理科,未来へひろがるサイエンス１【啓林館】,【単元3】身のまわりの物質,【第3章】水溶液の性質,【1】物質のとけ方,p.161-164
中１,理科,未来へひろがるサイエンス１【啓林館】,【単元3】身のまわりの物質,【第3章】水溶液の性質,【2】濃さの表し方,p.165-166
中１,理科,未来へひろがるサイエンス１【啓林館】,【単元3】身のまわりの物質,【第3章】水溶液の性質,【3】溶質のとり出し方,p.167-172
中１,理科,未来へひろがるサイエンス１【啓林館】,【単元3】身のまわりの物質,【第4章】物質のすがたとその変化,【1】物質のすがたの変化,p.173-179
中１,理科,未来へひろがるサイエンス１【啓林館】,【単元3】身のまわりの物質,【第4章】物質のすがたとその変化,【2】状態変化と温度,p.180-184
中１,理科,未来へひろがるサイエンス１【啓林館】,【単元3】身のまわりの物質,【第4章】物質のすがたとその変化,【3】混合物の分け方,p.185-189
中１,理科,未来へひろがるサイエンス１【啓林館】,【単元4】光・音・力による現象,【第1章】光による現象,【1】光の進み方,p.201-206
中１,理科,未来へひろがるサイエンス１【啓林館】,【単元4】光・音・力による現象,【第1章】光による現象,【2】光が通りぬけるときのようす,p.207-213
中１,理科,未来へひろがるサイエンス１【啓林館】,【単元4】光・音・力による現象,【第1章】光による現象,【3】レンズのはたらき,p.214-221
中１,理科,未来へひろがるサイエンス１【啓林館】,【単元4】光・音・力による現象,【第2章】音による現象,【1】音の伝わり方,p.223-226
中１,理科,未来へひろがるサイエンス１【啓林館】,【単元4】光・音・力による現象,【第2章】音による現象,【2】音の大小と高低,p.227-231
中１,理科,未来へひろがるサイエンス１【啓林館】,【単元4】光・音・力による現象,【第3章】力による現象,【1】力のはたらき,p.233-234
中１,理科,未来へひろがるサイエンス１【啓林館】,【単元4】光・音・力による現象,【第3章】力による現象,【2】力の大きさのはかり方,p.235-241
中１,理科,未来へひろがるサイエンス１【啓林館】,【単元4】光・音・力による現象,【第3章】力による現象,【3】力の表し方,p.242-243
中１,理科,未来へひろがるサイエンス１【啓林館】,【単元4】光・音・力による現象,【第3章】力による現象,【4】1つの物体に2つの力がはたらくとき,p.244-247
中２,理科,未来へひろがるサイエンス２【啓林館】,【単元1】生物の体のつくりとはたらき,【第1章】生物の体をつくるもの,【1】生物の体の成り立ち,p.5-11
中２,理科,未来へひろがるサイエンス２【啓林館】,【単元1】生物の体のつくりとはたらき,【第1章】生物の体をつくるもの,【2】細胞のつくり,p.12-15
中２,理科,未来へひろがるサイエンス２【啓林館】,【単元1】生物の体のつくりとはたらき,【第1章】生物の体をつくるもの,【3】細胞のはたらき,p.16-17
中２,理科,未来へひろがるサイエンス２【啓林館】,【単元1】生物の体のつくりとはたらき,【第2章】植物の体のつくりとはたらき,【1】栄養分をつくる,p.18-23
中２,理科,未来へひろがるサイエンス２【啓林館】,【単元1】生物の体のつくりとはたらき,【第2章】植物の体のつくりとはたらき,【2】植物の呼吸,p.24
中２,理科,未来へひろがるサイエンス２【啓林館】,【単元1】生物の体のつくりとはたらき,【第2章】植物の体のつくりとはたらき,【3】水や栄養分を運ぶ,p.25-32
中２,理科,未来へひろがるサイエンス２【啓林館】,【単元1】生物の体のつくりとはたらき,【第3章】動物の体のつくりとはたらき,【1】栄養分をとり入れる,p.34-41
中２,理科,未来へひろがるサイエンス２【啓林館】,【単元1】生物の体のつくりとはたらき,【第3章】動物の体のつくりとはたらき,【2】動物の呼吸,p.42-43
中２,理科,未来へひろがるサイエンス２【啓林館】,【単元1】生物の体のつくりとはたらき,【第3章】動物の体のつくりとはたらき,【3】不要な物質のゆくえ,p.44
中２,理科,未来へひろがるサイエンス２【啓林館】,【単元1】生物の体のつくりとはたらき,【第3章】動物の体のつくりとはたらき,【4】物質を運ぶ,p.45-49
中２,理科,未来へひろがるサイエンス２【啓林館】,【単元1】生物の体のつくりとはたらき,【第4章】動物の行動のしくみ,【1】感じとるしくみ,p.51-53
中２,理科,未来へひろがるサイエンス２【啓林館】,【単元1】生物の体のつくりとはたらき,【第4章】動物の行動のしくみ,【2】刺激の信号を伝えたり反応したりするしくみ,p.54-57
中２,理科,未来へひろがるサイエンス２【啓林館】,【単元1】生物の体のつくりとはたらき,【第4章】動物の行動のしくみ,【3】運動のしくみ,p.58-59
中２,理科,未来へひろがるサイエンス２【啓林館】,【単元2】地球の大気と天気の変化,【第1章】地球をとりまく大気のようす,【1】大気の中ではたらく力,p.70-73
中２,理科,未来へひろがるサイエンス２【啓林館】,【単元2】地球の大気と天気の変化,【第1章】地球をとりまく大気のようす,【2】大気のようすを観測する,p.74-79
中２,理科,未来へひろがるサイエンス２【啓林館】,【単元2】地球の大気と天気の変化,【第2章】空気中の水の変化,【1】霧のでき方,p.80-81
中２,理科,未来へひろがるサイエンス２【啓林館】,【単元2】地球の大気と天気の変化,【第2章】空気中の水の変化,【2】雲のでき方,p.82-87
中２,理科,未来へひろがるサイエンス２【啓林館】,【単元2】地球の大気と天気の変化,【第2章】空気中の水の変化,【3】空気中にふくまれる水蒸気の量,p.88-92
中２,理科,未来へひろがるサイエンス２【啓林館】,【単元2】地球の大気と天気の変化,【第3章】天気の変化と大気の動き,【1】風がふくしくみ,p.94-96
中２,理科,未来へひろがるサイエンス２【啓林館】,【単元2】地球の大気と天気の変化,【第3章】天気の変化と大気の動き,【2】大気の動きによる天気の変化,p.97-104
中２,理科,未来へひろがるサイエンス２【啓林館】,【単元2】地球の大気と天気の変化,【第3章】天気の変化と大気の動き,【3】地球規模での大気の動き,p.105-107
中２,理科,未来へひろがるサイエンス２【啓林館】,【単元2】地球の大気と天気の変化,【第4章】大気の動きと日本の四季,【1】日本の季節による天気の特徴をもたらすもの,p.108-112
中２,理科,未来へひろがるサイエンス２【啓林館】,【単元2】地球の大気と天気の変化,【第4章】大気の動きと日本の四季,【2】日本の四季の天気,p.113-118
中２,理科,未来へひろがるサイエンス２【啓林館】,【単元2】地球の大気と天気の変化,【第4章】大気の動きと日本の四季,【3】天気の変化がもたらす恵みと災害,p.119-123
中２,理科,未来へひろがるサイエンス２【啓林館】,【単元3】化学変化と原子・分子,【第1章】物質の成り立ち,【1】物質を加熱したときの変化,p.141-148
中２,理科,未来へひろがるサイエンス２【啓林館】,【単元3】化学変化と原子・分子,【第1章】物質の成り立ち,【2】水溶液に電流を流したときの変化,p.149-152
中２,理科,未来へひろがるサイエンス２【啓林館】,【単元3】化学変化と原子・分子,【第1章】物質の成り立ち,【3】物質のもとになる粒子,p.153-154
中２,理科,未来へひろがるサイエンス２【啓林館】,【単元3】化学変化と原子・分子,【第1章】物質の成り立ち,【4】原子が結びついてできる粒子,p.155-159
中２,理科,未来へひろがるサイエンス２【啓林館】,【単元3】化学変化と原子・分子,【第2章】物質の表し方,【1】物質を表す記号,p.161-164
中２,理科,未来へひろがるサイエンス２【啓林館】,【単元3】化学変化と原子・分子,【第2章】物質の表し方,【2】物質を表す式,p.165-167
中２,理科,未来へひろがるサイエンス２【啓林館】,【単元3】化学変化と原子・分子,【第2章】物質の表し方,【3】化学変化を表す式,p.168-171
中２,理科,未来へひろがるサイエンス２【啓林館】,【単元3】化学変化と原子・分子,【第3章】さまざまな化学変化,【1】物質どうしが結びつく変化,p.173-177
中２,理科,未来へひろがるサイエンス２【啓林館】,【単元3】化学変化と原子・分子,【第3章】さまざまな化学変化,【2】物質が酸素と結びつく変化,p.178-181
中２,理科,未来へひろがるサイエンス２【啓林館】,【単元3】化学変化と原子・分子,【第3章】さまざまな化学変化,【3】酸化物から酸素をとり除く変化,p.182-185
中２,理科,未来へひろがるサイエンス２【啓林館】,【単元3】化学変化と原子・分子,【第3章】さまざまな化学変化,【4】化学変化と熱の出入り,p.186-188
中２,理科,未来へひろがるサイエンス２【啓林館】,【単元3】化学変化と原子・分子,【第4章】化学変化と物質の質量,【1】化学変化の前後での物質の質量,p.189-194
中２,理科,未来へひろがるサイエンス２【啓林館】,【単元3】化学変化と原子・分子,【第4章】化学変化と物質の質量,【2】反応する物質どうしの質量の割合,p.195-199
中２,理科,未来へひろがるサイエンス２【啓林館】,【単元4】電流とその利用,【第1章】電流の性質,【1】電流が流れる道すじ,p.211-215
中２,理科,未来へひろがるサイエンス２【啓林館】,【単元4】電流とその利用,【第1章】電流の性質,【2】回路に流れる電流,p.216-220
中２,理科,未来へひろがるサイエンス２【啓林館】,【単元4】電流とその利用,【第1章】電流の性質,【3】回路に加わる電圧,p.221-224
中２,理科,未来へひろがるサイエンス２【啓林館】,【単元4】電流とその利用,【第1章】電流の性質,【4】電圧と電流の関係,p.225-229
中２,理科,未来へひろがるサイエンス２【啓林館】,【単元4】電流とその利用,【第1章】電流の性質,【5】電流、電圧、電気抵抗の求め方,p.230-234
中２,理科,未来へひろがるサイエンス２【啓林館】,【単元4】電流とその利用,【第1章】電流の性質,【6】電流のはたらきを表す量,p.235-241
中２,理科,未来へひろがるサイエンス２【啓林館】,【単元4】電流とその利用,【第2章】電流の正体,【1】静電気,p.242-244
中２,理科,未来へひろがるサイエンス２【啓林館】,【単元4】電流とその利用,【第2章】電流の正体,【2】静電気と電流の関係,p.245
中２,理科,未来へひろがるサイエンス２【啓林館】,【単元4】電流とその利用,【第2章】電流の正体,【3】電流の正体,p.246-250
中２,理科,未来へひろがるサイエンス２【啓林館】,【単元4】電流とその利用,【第2章】電流の正体,【4】放射線の発見とその利用,p.251-253
中２,理科,未来へひろがるサイエンス２【啓林館】,【単元4】電流とその利用,【第3章】電流と磁界,【1】磁界,p.256-261
中２,理科,未来へひろがるサイエンス２【啓林館】,【単元4】電流とその利用,【第2章】電流と磁界,【2】モーターのしくみ,p.262-265
中２,理科,未来へひろがるサイエンス２【啓林館】,【単元4】電流とその利用,【第3章】電流と磁界,【3】発電機のしくみ,p.266-273
中３,理科,未来へひろがるサイエンス３【啓林館】,【単元1】生命の連続性,【第1章】生物のふえ方と成長,【1】生物のふえ方,p.5-11
中３,理科,未来へひろがるサイエンス３【啓林館】,【単元1】生命の連続性,【第1章】生物のふえ方と成長,【2】細胞のふえ方,p.12-16
中３,理科,未来へひろがるサイエンス３【啓林館】,【単元1】生命の連続性,【第2章】遺伝の規則性と遺伝子,【1】親の特徴の伝わり方,p.17-20
中３,理科,未来へひろがるサイエンス３【啓林館】,【単元1】生命の連続性,【第2章】遺伝の規則性と遺伝子,【2】遺伝のしくみ,p.21-24
中３,理科,未来へひろがるサイエンス３【啓林館】,【単元1】生命の連続性,【第2章】遺伝の規則性と遺伝子,【3】遺伝子の本体,p.25-27
中３,理科,未来へひろがるサイエンス３【啓林館】,【単元1】生命の連続性,【第3章】生物の種類と多様性と進化,【1】生物の共通性と多様性,p.28-29
中３,理科,未来へひろがるサイエンス３【啓林館】,【単元1】生命の連続性,【第3章】生物の種類と多様性と進化,【2】進化の証拠,p.30-31
中３,理科,未来へひろがるサイエンス３【啓林館】,【単元1】生命の連続性,【第3章】生物の種類と多様性と進化,【3】生物の移り変わりと進化,p.32-37
中３,理科,未来へひろがるサイエンス３【啓林館】,【単元2】宇宙を観る,【第1章】宇宙の天体,【1】太陽,p.51-53
中３,理科,未来へひろがるサイエンス３【啓林館】,【単元2】宇宙を観る,【第1章】宇宙の天体,【2】太陽系,p.54-59
中３,理科,未来へひろがるサイエンス３【啓林館】,【単元2】宇宙を観る,【第1章】宇宙の天体,【3】宇宙の広がり,p.60-64
中３,理科,未来へひろがるサイエンス３【啓林館】,【単元2】宇宙を観る,【第2章】太陽と恒星の動き,【1】太陽の動き,p.66-73
中３,理科,未来へひろがるサイエンス３【啓林館】,【単元2】宇宙を観る,【第2章】太陽と恒星の動き,【2】星座の星の動き,p.74-81
中３,理科,未来へひろがるサイエンス３【啓林館】,【単元2】宇宙を観る,【第3章】月と金星の動きと見え方,【1】月の動きと見え方,p.83-85
中３,理科,未来へひろがるサイエンス３【啓林館】,【単元2】宇宙を観る,【第3章】月と金星の動きと見え方,【2】金星の動きと見え方,p.86-91
中３,理科,未来へひろがるサイエンス３【啓林館】,【単元3】化学変化とイオン,【第1章】水溶液とイオン,【1】水溶液にすると電流が流れる物質,p.106-108
中３,理科,未来へひろがるサイエンス３【啓林館】,【単元3】化学変化とイオン,【第1章】水溶液とイオン,【2】電解質の水溶液に電流が流れたときの変化,p.109-112
中３,理科,未来へひろがるサイエンス３【啓林館】,【単元3】化学変化とイオン,【第1章】水溶液とイオン,【3】電気を帯びた粒子の正体,p.113-121
中３,理科,未来へひろがるサイエンス３【啓林館】,【単元3】化学変化とイオン,【第2章】電池とイオン,【1】金属のイオンへのなりやすさ,p.122-130
中３,理科,未来へひろがるサイエンス３【啓林館】,【単元3】化学変化とイオン,【第2章】電池とイオン,【2】電池のしくみ,p.131-136
中３,理科,未来へひろがるサイエンス３【啓林館】,【単元3】化学変化とイオン,【第2章】電池とイオン,【3】日常生活と電池,p.137-139
中３,理科,未来へひろがるサイエンス３【啓林館】,【単元3】化学変化とイオン,【第3章】酸・アルカリと塩,【1】酸性やアルカリ性の水溶液の性質,p.141-145
中３,理科,未来へひろがるサイエンス３【啓林館】,【単元3】化学変化とイオン,【第3章】酸・アルカリと塩,【2】酸性やアルカリ性の性質を決めているもの,p.146-149
中３,理科,未来へひろがるサイエンス３【啓林館】,【単元3】化学変化とイオン,【第3章】酸・アルカリと塩,【3】酸性・アルカリ性の強さ,p.150-151
中３,理科,未来へひろがるサイエンス３【啓林館】,【単元3】化学変化とイオン,【第3章】酸・アルカリと塩,【4】酸とアルカリを混ぜたときの変化,p.152-156
中３,理科,未来へひろがるサイエンス３【啓林館】,【単元3】化学変化とイオン,【第3章】酸・アルカリと塩,【5】イオンで考える中和,p.157-161
中３,理科,未来へひろがるサイエンス３【啓林館】,【単元4】運動とエネルギー,【第1章】力の合成と分解,【1】水中の物体にはたらく力,p.174-177
中３,理科,未来へひろがるサイエンス３【啓林館】,【単元4】運動とエネルギー,【第1章】力の合成と分解,【2】力の合成,p.178-183
中３,理科,未来へひろがるサイエンス３【啓林館】,【単元4】運動とエネルギー,【第1章】力の合成と分解,【3】力の分解,p.184-185
中３,理科,未来へひろがるサイエンス３【啓林館】,【単元4】運動とエネルギー,【第2章】物体の運動,【1】運動の表し方,p.187-190
中３,理科,未来へひろがるサイエンス３【啓林館】,【単元4】運動とエネルギー,【第2章】物体の運動,【2】水平面上での物体の運動,p.191-195
中３,理科,未来へひろがるサイエンス３【啓林館】,【単元4】運動とエネルギー,【第2章】物体の運動,【3】斜面上での物体の運動,p.196-201
中３,理科,未来へひろがるサイエンス３【啓林館】,【単元4】運動とエネルギー,【第2章】物体の運動,【4】物体間での力のおよぼし合い,p.202-204
中３,理科,未来へひろがるサイエンス３【啓林館】,【単元4】運動とエネルギー,【第3章】仕事とエネルギー,【1】仕事,p.205-209
中３,理科,未来へひろがるサイエンス３【啓林館】,【単元4】運動とエネルギー,【第3章】仕事とエネルギー,【2】エネルギー,p.210-214
中３,理科,未来へひろがるサイエンス３【啓林館】,【単元4】運動とエネルギー,【第3章】仕事とエネルギー,【3】位置エネルギーと運動エネルギー,p.215-216
中３,理科,未来へひろがるサイエンス３【啓林館】,【単元4】運動とエネルギー,【第4章】多様なエネルギーとその移り変わり,【1】エネルギーの種類,p.217-219
中３,理科,未来へひろがるサイエンス３【啓林館】,【単元4】運動とエネルギー,【第4章】多様なエネルギーとその移り変わり,【2】エネルギーの変換と保存,p.220-225
中３,理科,未来へひろがるサイエンス３【啓林館】,【単元4】運動とエネルギー,【第5章】エネルギー資源とその利用,【1】生活を支えるエネルギー,p.226-229
中３,理科,未来へひろがるサイエンス３【啓林館】,【単元4】運動とエネルギー,【第5章】エネルギー資源とその利用,【2】エネルギー利用上の課題,p.230-233
中３,理科,未来へひろがるサイエンス３【啓林館】,【単元4】運動とエネルギー,【第5章】エネルギー資源とその利用,【3】エネルギーの有効利用,p.234-235
中３,理科,未来へひろがるサイエンス３【啓林館】,【単元5】自然と人間,【第1章】自然界のつり合い,【1】生物どうしのつながり,p.247-249
中３,理科,未来へひろがるサイエンス３【啓林館】,【単元5】自然と人間,【第1章】自然界のつり合い,【2】生態系における生物の数量的関係,p.250-252
中３,理科,未来へひろがるサイエンス３【啓林館】,【単元5】自然と人間,【第1章】自然界のつり合い,【3】生物の遺骸のゆくえ,p.253-257
中３,理科,未来へひろがるサイエンス３【啓林館】,【単元5】自然と人間,【第1章】自然界のつり合い,【4】生物の活動を通じた物質の循環,p.258-259
中３,理科,未来へひろがるサイエンス３【啓林館】,【単元5】自然と人間,【第2章】さまざまな物質の利用と人間,【1】天然の物質と人工の物質,p.261-263
中３,理科,未来へひろがるサイエンス３【啓林館】,【単元5】自然と人間,【第2章】さまざまな物質の利用と人間,【2】プラスチック,p.264-268
中３,理科,未来へひろがるサイエンス３【啓林館】,【単元5】自然と人間,【第3章】科学技術の発展,【1】科学技術の発展の歴史,p.269-271
中３,理科,未来へひろがるサイエンス３【啓林館】,【単元5】自然と人間,【第3章】科学技術の発展,【2】現在のくらしとこれからの科学技術,p.272-275
中３,理科,未来へひろがるサイエンス３【啓林館】,【単元5】自然と人間,【第4章】人間と環境,【1】身近な自然環境の調査,p.277-281
中３,理科,未来へひろがるサイエンス３【啓林館】,【単元5】自然と人間,【第4章】人間と環境,【2】自然が人間の生活におよぼす影響,p.282-287
中３,理科,未来へひろがるサイエンス３【啓林館】,【単元5】自然と人間,【第4章】人間と環境,【3】人間の活動と自然環境,p.288-293
中３,理科,未来へひろがるサイエンス３【啓林館】,【単元5】自然と人間,【第5章】持続可能な社会をめざして,【1】これからの社会を担う,p.294-301
中１中２中３,社会,中学生の地理【帝国書籍】,【第1部】世界と日本の地域構成,【第1章】世界の姿,【1】私たちの住む地球を眺めて,p.2-3
中１中２中３,社会,中学生の地理【帝国書籍】,【第1部】世界と日本の地域構成,【第1章】世界の姿,【2】世界のいろいろな国々の特徴,p.4-7
中１中２中３,社会,中学生の地理【帝国書籍】,【第1部】世界と日本の地域構成,【第1章】世界の姿,【3】緯度と経度,p.8-9
中１中２中３,社会,中学生の地理【帝国書籍】,【第1部】世界と日本の地域構成,【第1章】世界の姿,【4】地球儀と世界地図の違い,p.10-12
中１中２中３,社会,中学生の地理【帝国書籍】,【第1部】世界と日本の地域構成,【第2章】日本の姿,【1】世界のなかでの日本の位置,p.14-15
中１中２中３,社会,中学生の地理【帝国書籍】,【第1部】世界と日本の地域構成,【第2章】日本の姿,【2】日本と世界各地との時差,p.16-17
中１中２中３,社会,中学生の地理【帝国書籍】,【第1部】世界と日本の地域構成,【第2章】日本の姿,【3】日本の領域とその特徴,p.18-21
中１中２中３,社会,中学生の地理【帝国書籍】,【第1部】世界と日本の地域構成,【第2章】日本の姿,【4】都道府県と都道府県庁所在地,p.22-24
中１中２中３,社会,中学生の地理【帝国書籍】,【第2部】世界のさまざまな地域,【第1章】人々の生活と環境,【1】世界のさまざまな生活と環境,p.26-29
中１中２中３,社会,中学生の地理【帝国書籍】,【第2部】世界のさまざまな地域,【第1章】人々の生活と環境,【2】暑い地域の暮らし,p.30-31
中１中２中３,社会,中学生の地理【帝国書籍】,【第2部】世界のさまざまな地域,【第1章】人々の生活と環境,【3】乾燥した地域の暮らし,p.32-33
中１中２中３,社会,中学生の地理【帝国書籍】,【第2部】世界のさまざまな地域,【第1章】人々の生活と環境,【4】温暖な地域の暮らし,p.34-35
中１中２中３,社会,中学生の地理【帝国書籍】,【第2部】世界のさまざまな地域,【第1章】人々の生活と環境,【5】寒い地域の暮らし,p.36-37
中１中２中３,社会,中学生の地理【帝国書籍】,【第2部】世界のさまざまな地域,【第1章】人々の生活と環境,【6】高地の暮らし,p.38-39
中１中２中３,社会,中学生の地理【帝国書籍】,【第2部】世界のさまざまな地域,【第1章】人々の生活と環境,【7】人々の生活と宗教の関わり,p.40-41
中１中２中３,社会,中学生の地理【帝国書籍】,【第2部】世界のさまざまな地域,【第2章】世界の諸地域,【1】アジア州の自然環境,p.48-49
中１中２中３,社会,中学生の地理【帝国書籍】,【第2部】世界のさまざまな地域,【第2章】世界の諸地域,【2】アジア州の農業・文化と経済発展,p.50-51
中１中２中３,社会,中学生の地理【帝国書籍】,【第2部】世界のさまざまな地域,【第2章】世界の諸地域,【3】経済成長を急速に遂げた中国,p.52-53
中１中２中３,社会,中学生の地理【帝国書籍】,【第2部】世界のさまざまな地域,【第2章】世界の諸地域,【4】最も近い隣国、韓国,p.54-55
中１中２中３,社会,中学生の地理【帝国書籍】,【第2部】世界のさまざまな地域,【第2章】世界の諸地域,【5】経済発展を目指す東南アジア,p.56-57
中１中２中３,社会,中学生の地理【帝国書籍】,【第2部】世界のさまざまな地域,【第2章】世界の諸地域,【6】産業発展と人口増加が急速に進む南アジア,p.58-59
中１中２中３,社会,中学生の地理【帝国書籍】,【第2部】世界のさまざまな地域,【第2章】世界の諸地域,【7】資源が豊富な中央アジア・西アジア,p.60-61
中１中２中３,社会,中学生の地理【帝国書籍】,【第2部】世界のさまざまな地域,【第2章】世界の諸地域,【1】ヨーロッパ州の自然環境,p.66-67
中１中２中３,社会,中学生の地理【帝国書籍】,【第2部】世界のさまざまな地域,【第2章】世界の諸地域,【2】ヨーロッパ文化の共通性と多様性,p.68-69
中１中２中３,社会,中学生の地理【帝国書籍】,【第2部】世界のさまざまな地域,【第2章】世界の諸地域,【3】EUの成り立ちと人々の生活の変化,p.70-71
中１中２中３,社会,中学生の地理【帝国書籍】,【第2部】世界のさまざまな地域,【第2章】世界の諸地域,【4】ヨーロッパ州の農業とEUの影響,p.72-73
中１中２中３,社会,中学生の地理【帝国書籍】,【第2部】世界のさまざまな地域,【第2章】世界の諸地域,【5】ヨーロッパ州の工業とEUの影響,p.74-75
中１中２中３,社会,中学生の地理【帝国書籍】,【第2部】世界のさまざまな地域,【第2章】世界の諸地域,【6】EU統合による課題への取り組み,p.76-77
中１中２中３,社会,中学生の地理【帝国書籍】,【第2部】世界のさまざまな地域,【第2章】世界の諸地域,【1】アフリカ州の自然環境,p.82-83
中１中２中３,社会,中学生の地理【帝国書籍】,【第2部】世界のさまざまな地域,【第2章】世界の諸地域,【2】植民地支配の影響が残る産業,p.84-85
中１中２中３,社会,中学生の地理【帝国書籍】,【第2部】世界のさまざまな地域,【第2章】世界の諸地域,【3】アフリカ州が抱える課題とその取り組み,p.86-87
中１中２中３,社会,中学生の地理【帝国書籍】,【第2部】世界のさまざまな地域,【第2章】世界の諸地域,【1】北アメリカ州の自然環境,p.94-95
中１中２中３,社会,中学生の地理【帝国書籍】,【第2部】世界のさまざまな地域,【第2章】世界の諸地域,【2】移民の歴史と多様な民族・文化,p.96-97
中１中２中３,社会,中学生の地理【帝国書籍】,【第2部】世界のさまざまな地域,【第2章】世界の諸地域,【3】大規模な農業と多様な農産物,p.98-99
中１中２中３,社会,中学生の地理【帝国書籍】,【第2部】世界のさまざまな地域,【第2章】世界の諸地域,【4】世界をリードする先端技術,p.100-101
中１中２中３,社会,中学生の地理【帝国書籍】,【第2部】世界のさまざまな地域,【第2章】世界の諸地域,【5】アメリカ合衆国にみる生産と消費の問題,p.102-103
中１中２中３,社会,中学生の地理【帝国書籍】,【第2部】世界のさまざまな地域,【第2章】世界の諸地域,【1】南アメリカ州の自然環境,p.108-109
中１中２中３,社会,中学生の地理【帝国書籍】,【第2部】世界のさまざまな地域,【第2章】世界の諸地域,【2】多様な民族や文化が混ざり合う社会,p.110-111
中１中２中３,社会,中学生の地理【帝国書籍】,【第2部】世界のさまざまな地域,【第2章】世界の諸地域,【3】大規模化する農業と成長する工業,p.112-113
中１中２中３,社会,中学生の地理【帝国書籍】,【第2部】世界のさまざまな地域,【第2章】世界の諸地域,【4】ブラジルにみる開発と環境保全,p.114-115
中１中２中３,社会,中学生の地理【帝国書籍】,【第2部】世界のさまざまな地域,【第2章】世界の諸地域,【1】オセアニア州の自然環境,p.120-121
中１中２中３,社会,中学生の地理【帝国書籍】,【第2部】世界のさまざまな地域,【第2章】世界の諸地域,【2】移民の歴史と多文化社会への歩み,p.122-123
中１中２中３,社会,中学生の地理【帝国書籍】,【第2部】世界のさまざまな地域,【第2章】世界の諸地域,【3】他地域と結びついて発展する産業,p.124-125
中１中２中３,社会,中学生の地理【帝国書籍】,【第3部】日本のさまざまな地域,【第1章】地域調査のしかた,【1】調査テーマを決めよう,p.128-133
中１中２中３,社会,中学生の地理【帝国書籍】,【第3部】日本のさまざまな地域,【第1章】地域調査のしかた,【2】調査方法を考えよう,p.134-135
中１中２中３,社会,中学生の地理【帝国書籍】,【第3部】日本のさまざまな地域,【第1章】地域調査のしかた,【3】野外調査を実行しよう,p.136-137
中１中２中３,社会,中学生の地理【帝国書籍】,【第3部】日本のさまざまな地域,【第1章】地域調査のしかた,【4】調査を深めて結果を発表しよう,p.138-139
中１中２中３,社会,中学生の地理【帝国書籍】,【第3部】日本のさまざまな地域,【第2章】日本の地域的特色,【1】山がちな日本の地形,p.140-141
中１中２中３,社会,中学生の地理【帝国書籍】,【第3部】日本のさまざまな地域,【第2章】日本の地域的特色,【2】川がつくる地形と海岸や海洋の特徴,p.142-143
中１中２中３,社会,中学生の地理【帝国書籍】,【第3部】日本のさまざまな地域,【第2章】日本の地域的特色,【3】日本の気候,p.144-145
中１中２中３,社会,中学生の地理【帝国書籍】,【第3部】日本のさまざまな地域,【第2章】日本の地域的特色,【4】日本のさまざまな自然災害,p.146-147
中１中２中３,社会,中学生の地理【帝国書籍】,【第3部】日本のさまざまな地域,【第2章】日本の地域的特色,【5】自然災害に対する備え,p.148-149
中１中２中３,社会,中学生の地理【帝国書籍】,【第3部】日本のさまざまな地域,【第2章】日本の地域的特色,【6】日本の人口,p.152-153
中１中２中３,社会,中学生の地理【帝国書籍】,【第3部】日本のさまざまな地域,【第2章】日本の地域的特色,【7】日本の資源・エネルギーと電力,p.154-155
中１中２中３,社会,中学生の地理【帝国書籍】,【第3部】日本のさまざまな地域,【第2章】日本の地域的特色,【8】日本の産業,p.158-161
中１中２中３,社会,中学生の地理【帝国書籍】,【第3部】日本のさまざまな地域,【第2章】日本の地域的特色,【9】日本の交通網・通信網,p.162-163
中１中２中３,社会,中学生の地理【帝国書籍】,【第3部】日本のさまざまな地域,【第2章】日本の地域的特色,【10】日本の地域区分,p.164
中１中２中３,社会,中学生の地理【帝国書籍】,【第3部】日本のさまざまな地域,【第3章】日本の諸地域,【1】九州地方の自然環境,p.170-171
中１中２中３,社会,中学生の地理【帝国書籍】,【第3部】日本のさまざまな地域,【第3章】日本の諸地域,【2】火山と共にある九州地方の人々の生活,p.172-173
中１中２中３,社会,中学生の地理【帝国書籍】,【第3部】日本のさまざまな地域,【第3章】日本の諸地域,【3】自然を生かした九州地方の農業,p.174-175
中１中２中３,社会,中学生の地理【帝国書籍】,【第3部】日本のさまざまな地域,【第3章】日本の諸地域,【4】都市や産業の発展と自然環境,p.176-177
中１中２中３,社会,中学生の地理【帝国書籍】,【第3部】日本のさまざまな地域,【第3章】日本の諸地域,【5】南西諸島の自然と人々の生活や産業,p.178-179
中１中２中３,社会,中学生の地理【帝国書籍】,【第3部】日本のさまざまな地域,【第3章】日本の諸地域,【1】中国・四国地方の自然環境,p.186-187
中１中２中３,社会,中学生の地理【帝国書籍】,【第3部】日本のさまざまな地域,【第3章】日本の諸地域,【2】交通網の整備と人々の生活の変化,p.188-189
中１中２中３,社会,中学生の地理【帝国書籍】,【第3部】日本のさまざまな地域,【第3章】日本の諸地域,【3】瀬戸内海の海運と工業の発展,p.190-191
中１中２中３,社会,中学生の地理【帝国書籍】,【第3部】日本のさまざまな地域,【第3章】日本の諸地域,【4】交通網を生かして発展する農業,p.192-193
中１中２中３,社会,中学生の地理【帝国書籍】,【第3部】日本のさまざまな地域,【第3章】日本の諸地域,【5】人々を呼び寄せる地域の取り組み,p.194-195
中１中２中３,社会,中学生の地理【帝国書籍】,【第3部】日本のさまざまな地域,【第3章】日本の諸地域,【1】近畿地方の自然環境,p.202-203
中１中２中３,社会,中学生の地理【帝国書籍】,【第3部】日本のさまざまな地域,【第3章】日本の諸地域,【2】琵琶湖の水が支える京阪神大都市圏,p.204-205
中１中２中３,社会,中学生の地理【帝国書籍】,【第3部】日本のさまざまな地域,【第3章】日本の諸地域,【3】阪神工業地帯と環境問題への取り組み,p.206-207
中１中２中３,社会,中学生の地理【帝国書籍】,【第3部】日本のさまざまな地域,【第3章】日本の諸地域,【4】古都京都・奈良と歴史的景観の保全,p.208-209
中１中２中３,社会,中学生の地理【帝国書籍】,【第3部】日本のさまざまな地域,【第3章】日本の諸地域,【5】環境に配慮した林業と漁業,p.210-211
中１中２中３,社会,中学生の地理【帝国書籍】,【第3部】日本のさまざまな地域,【第3章】日本の諸地域,【1】中部地方の自然環境,p.220-221
中１中２中３,社会,中学生の地理【帝国書籍】,【第3部】日本のさまざまな地域,【第3章】日本の諸地域,【2】中京工業地帯の発展と名古屋大都市圏,p.222-223
中１中２中３,社会,中学生の地理【帝国書籍】,【第3部】日本のさまざまな地域,【第3章】日本の諸地域,【3】東海で発達するさまざまな産業,p.224-225
中１中２中３,社会,中学生の地理【帝国書籍】,【第3部】日本のさまざまな地域,【第3章】日本の諸地域,【4】内陸にある中央高地の産業の移り変わり,p.226-227
中１中２中３,社会,中学生の地理【帝国書籍】,【第3部}日本のさまざまな地域,【第3章】日本の諸地域,【5】雪を生かした北陸の産業,p.228-229
中１中２中３,社会,中学生の地理【帝国書籍】,【第3部】日本のさまざまな地域,【第3章】日本の諸地域,【1】関東地方の自然環境,p.236-237
中１中２中３,社会,中学生の地理【帝国書籍】,【第3部】日本のさまざまな地域,【第3章】日本の諸地域,【2】多くの人が集まる首都、東京,p.238-239
中１中２中３,社会,中学生の地理【帝国書籍】,【第3部】日本のさまざまな地域,【第3章】日本の諸地域,【3】東京大都市圏の課題と対策,p.240-241
中１中２中３,社会,中学生の地理【帝国書籍】,【第3部】日本のさまざまな地域,【第3章】日本の諸地域,【4】工業地域の変化と第3次産業の発達,p.242-243
中１中２中３,社会,中学生の地理【帝国書籍】,【第3部】日本のさまざまな地域,【第3章】日本の諸地域,【5】大都市周辺の農業と山間部の過疎問題,p.244-245
中１中２中３,社会,中学生の地理【帝国書籍】,【第3部】日本のさまざまな地域,【第3章】日本の諸地域,【1】東北地方の自然環境,p.252-253
中１中２中３,社会,中学生の地理【帝国書籍】,【第3部】日本のさまざまな地域,【第3章】日本の諸地域,【2】伝統行事と生活や文化の変化,p.254-255
中１中２中３,社会,中学生の地理【帝国書籍】,【第3部】日本のさまざまな地域,【第3章】日本の諸地域,【3】稲作と畑作に対する人々の工夫や努力,p.256-257
中１中２中３,社会,中学生の地理【帝国書籍】,【第3部】日本のさまざまな地域,【第3章】日本の諸地域,【4】水産業と果樹栽培における人々の工夫や努力,p.258-259
中１中２中３,社会,中学生の地理【帝国書籍】,【第3部】日本のさまざまな地域,【第3章】日本の諸地域,【5】工業の発展と人々の生活の変化,p.260-261
中１中２中３,社会,中学生の地理【帝国書籍】,【第3部】日本のさまざまな地域,【第3章】日本の諸地域,【1】北海道地方の自然環境,p.268-269
中１中２中３,社会,中学生の地理【帝国書籍】,【第3部】日本のさまざまな地域,【第3章】日本の諸地域,【2】雪と共にある北海道地方の人々の生活,p.270-271
中１中２中３,社会,中学生の地理【帝国書籍】,【第3部】日本のさまざまな地域,【第3章】日本の諸地域,【3】自然環境を克服して発展した畑作や稲作,p.272-273
中１中２中３,社会,中学生の地理【帝国書籍】,【第3部】日本のさまざまな地域,【第3章】日本の諸地域,【4】北国の自然が育む酪農や漁業,p.274-275
中１中２中３,社会,中学生の地理【帝国書籍】,【第3部】日本のさまざまな地域,【第3章】日本の諸地域,【5】北国の自然を生かした観光産業,p.276-277
中１中２中３,社会,中学生の地理【帝国書籍】,【第4部】地域のあり方,【第1章】地域のあり方,【1】追究するテーマを決めよう,p.284-285
中１中２中３,社会,中学生の地理【帝国書籍】,【第4部】地域のあり方,【第1章】地域のあり方,【2】地域の実態を調査しよう,p.286-287
中１中２中３,社会,中学生の地理【帝国書籍】,【第4部】地域のあり方,【第1章】地域のあり方,【3】地域の魅力と課題を分析・考察しよう,p.288-289
中１中２中３,社会,中学生の地理【帝国書籍】,【第4部】地域のあり方,【第1章】地域のあり方,【4】地域の課題の解決策を構想しよう,p.290-291
中１中２中３,社会,中学生の地理【帝国書籍】,【第4部】地域のあり方,【第1章】地域のあり方,【5】解決策と魅力を高める提案をしよう,p.292-293
中１,英語,NEW HORIZONE１【東京書籍】,【Unit0】Nice to Meet You,【Unit0】Nice to Meet You,,p.6-7
中１,英語,NEW HORIZONE１【東京書籍】,【Unit0】Nice to Meet You,【Sounds and Letters0】,英語の音と文字,p.8-9
中１,英語,NEW HORIZONE１【東京書籍】,【Unit0】Nice to Meet You,【Grammar for Communication0】,英語の語順 〜日本語とのちがいを意識しよう〜,p.10
中１,英語,NEW HORIZONE１【東京書籍】,【Unit1】Hello, Everyone!,【扉絵】,p.11
中１,英語,NEW HORIZONE１【東京書籍】,【Unit1】Hello, Everyone!,【Part1】,p.12-13
中１,英語,NEW HORIZONE１【東京書籍】,【Unit1】Hello, Everyone!,【Part2】,p.14-15
中１,英語,NEW HORIZONE１【東京書籍】,【Unit1】Hello, Everyone!,【Part3】,p.16-17
中１,英語,NEW HORIZONE１【東京書籍】,【Unit1】Hello, Everyone!,【Sounds and Letters1】,p.18
中１,英語,NEW HORIZONE１【東京書籍】,【Unit2】Our New Teacher,【扉絵】,,p.19
中１,英語,NEW HORIZONE１【東京書籍】,【Unit2】Our New Teacher,【Part1】,身近な人について紹介しよう,p.20-21
中１,英語,NEW HORIZONE１【東京書籍】,【Unit2】Our New Teacher,【Part2】,できることをたずねたり伝えたりしよう,p.22-23
中１,英語,NEW HORIZONE１【東京書籍】,【Unit2】Our New Teacher,【Part3】,近くのものや遠くのものを伝えたりたずねたりしよう,p.24-25
中１,英語,NEW HORIZONE１【東京書籍】,【Unit2】Our New Teacher,【Sounds and Letters2】,さまざまな母音①,p.26-27
中１,英語,NEW HORIZONE１【東京書籍】,【Unit2】Our New Teacher,【Grammar for Communication1】,be動詞と一般動詞 〜習慣や状態を説明しよう〜,p.28-29
中１,英語,NEW HORIZONE１【東京書籍】,【Unit2】Our New Teacher,【Column】,チェン先生のふるさと Canada カナダってどんな国？,p.30
中１,英語,NEW HORIZONE１【東京書籍】,【Unit3】Our School,【扉絵】,,p.31
中１,英語,NEW HORIZONE１【東京書籍】,【Unit3】Our School,【Part1】,知らないものや人についてたずねよう,p.32-33
中１,英語,NEW HORIZONE１【東京書籍】,【Unit3】Our School,【Part2】,いつ、何をどのようにするのかをたずねよう,p.34-35
中１,英語,NEW HORIZONE１【東京書籍】,【Unit3】Our School,【Part3】,場所をたずねたり伝えたりしよう,p.36-37
中１,英語,NEW HORIZONE１【東京書籍】,【Unit3】Our School,【Sounds and Letters3】,さまざまな母音②,p.38-39
中１,英語,NEW HORIZONE１【東京書籍】,【Unit3】Our School,【Grammar for Communication2】,疑問詞 〜いろいろなことをたずねよう〜,p.40-41
中１,英語,NEW HORIZONE１【東京書籍】,【Unit3】Our School,【英語の歌1】,,p.42
中１,英語,NEW HORIZONE１【東京書籍】,【Unit4】Friends in New Zealand,【扉絵1】,,p.43
中１,英語,NEW HORIZONE１【東京書籍】,【Unit4】Friends in New Zealand,【Part1】,数をたずねたり答えたりしよう,p.44-45
中１,英語,NEW HORIZONE１【東京書籍】,【Unit4】Friends in New Zealand,【Part2】,時刻やすることについてたずね合おう,p.46-47
中１,英語,NEW HORIZONE１【東京書籍】,【Unit4】Friends in New Zealand,【Part3】,相手に指示したり助言したりしよう,p.48-49
中１,英語,NEW HORIZONE１【東京書籍】,【Unit4】Friends in New Zealand,【Sounds and Letters4】,音と文字のまとめ,p.50-51
中１,英語,NEW HORIZONE１【東京書籍】,【Unit4】Friends in New Zealand,【Grammar for Communication3】,名詞 〜ものについて伝えよう〜,p.52
中１,英語,NEW HORIZONE１【東京書籍】,【Unit4】Friends in New Zealand,【Column】,School Life in New Zealand ニュージーランドの学校生活,p.53
中１,英語,NEW HORIZONE１【東京書籍】,【Unit4】Friends in New Zealand,【Stage Activity1】,All about Me Poster,p.54-55
中１,英語,NEW HORIZONE１【東京書籍】,【Unit4】Friends in New Zealand,【英語の歌2】,,p.56
中１,英語,NEW HORIZONE１【東京書籍】,【Unit4】Friends in New Zealand,【夏休み特集】,夏の思い出を伝え合おう,p.57-60
中１,英語,NEW HORIZONE１【東京書籍】,【Unit4】Friends in New Zealand,【扉絵2】,,p.57
中１,英語,NEW HORIZONE１【東京書籍】,【Unit4】Friends in New Zealand,【アニメ 理子たちの夏を見よう】,,p.58-59
中１,英語,NEW HORIZONE１【東京書籍】,【Unit4】Friends in New Zealand,【夏休みの絵日記を書いて思い出を伝え合おう】,,p.60
中１,英語,NEW HORIZONE１【東京書籍】,【Unit5】My Brother in Hawaii,【扉絵】,,p.61
中１,英語,NEW HORIZONE１【東京書籍】,【Unit5】My Brother in Hawaii,【Part1】,,p.62-63
中１,英語,NEW HORIZONE１【東京書籍】,【Unit5】My Brother in Hawaii,【Part2】,,p.64-65
中１,英語,NEW HORIZONE１【東京書籍】,【Unit5】My Brother in Hawaii,【Read and Think】,,p.66-67
中１,英語,NEW HORIZONE１【東京書籍】,【Unit5】My Brother in Hawaii,【Unit Activity】,友達紹介のスピーチをしよう,p.68
中１,英語,NEW HORIZONE１【東京書籍】,【Unit5】My Brother in Hawaii,【Scene1 Real Life English Listening】,コマーシャル,p.69
中１,英語,NEW HORIZONE１【東京書籍】,【Unit5】My Brother in Hawaii,【Grammar for Communication4】,三人称単数現在形 〜友達のことを伝えよう〜,p.70
中１,英語,NEW HORIZONE１【東京書籍】,【Unit6】A Rakugo Performer from the U.K.,【扉絵】,,p.71
中１,英語,NEW HORIZONE１【東京書籍】,【Unit6】A Rakugo Performer from the U.K.,【Part1】,,p.72-73
中１,英語,NEW HORIZONE１【東京書籍】,【Unit6】A Rakugo Performer from the U.K.,【Part2】,,p.74-75
中１,英語,NEW HORIZONE１【東京書籍】,【Unit6】A Rakugo Performer from the U.K.,【Read and Think】,,p.76-77
中１,英語,NEW HORIZONE１【東京書籍】,【Unit6】A Rakugo Performer from the U.K.,【Unit Activity】,キャラクタークイズ大会をしよう,p.78
中１,英語,NEW HORIZONE１【東京書籍】,【Unit6】A Rakugo Performer from the U.K.,【Scene2 Real Life English Speaking】,友達の家で ―許可を求める・依頼する―,p.79
中１,英語,NEW HORIZONE１【東京書籍】,【Unit6】A Rakugo Performer from the U.K.,【Grammar for Communication5】,代名詞 〜くり返しを避けよう〜,p.80
中１,英語,NEW HORIZONE１【東京書籍】,【Unit7】An Online Tour of the U.K.,【扉絵】,,p.81
中１,英語,NEW HORIZONE１【東京書籍】,【Unit7】An Online Tour of the U.K.,【Part1】,,p.82-83
中１,英語,NEW HORIZONE１【東京書籍】,【Unit7】An Online Tour of the U.K.,【Part2】,,p.84-85
中１,英語,NEW HORIZONE１【東京書籍】,【Unit7】An Online Tour of the U.K.,【Read and Think】,,p.86-87
中１,英語,NEW HORIZONE１【東京書籍】,【Unit7】An Online Tour of the U.K.,【Unit Activity】,学校や町の様子を説明しよう,p.88
中１,英語,NEW HORIZONE１【東京書籍】,【Unit7】An Online Tour of the U.K.,【Scene3 Real Life English Speaking】,道案内 ―質問する・説明する―,p.89
中１,英語,NEW HORIZONE１【東京書籍】,【Unit7】An Online Tour of the U.K.,【Grammar for Communication6】,現在進行形 〜今していることを伝えよう〜,p.90
中１,英語,NEW HORIZONE１【東京書籍】,【Unit8】Think Globally, Act Locally,【扉絵】,p.91
中１,英語,NEW HORIZONE１【東京書籍】,【Unit8】Think Globally, Act Locally,【Part1】,p.92-93
中１,英語,NEW HORIZONE１【東京書籍】,【Unit8】Think Globally, Act Locally,【Part2】,p.94-95
中１,英語,NEW HORIZONE１【東京書籍】,【Unit8】Think Globally, Act Locally,【Read and Think】,p.96-97
中１,英語,NEW HORIZONE１【東京書籍】,【Unit8】Think Globally, Act Locally,【Unit Activity】,p.98
中１,英語,NEW HORIZONE１【東京書籍】,【Unit8】Think Globally, Act Locally,【Scene4 Real Life English Speaking】,p.99
中１,英語,NEW HORIZONE１【東京書籍】,【Unit8】Think Globally, Act Locally,【Stage Activity2】,p.100-101
中１,英語,NEW HORIZONE１【東京書籍】,【Unit8】Think Globally, Act Locally,【コラム】,p.102
中１,英語,NEW HORIZONE１【東京書籍】,【Unit9】Winter Vacation,【扉絵】,,p.103
中１,英語,NEW HORIZONE１【東京書籍】,【Unit9】Winter Vacation,【Part1】,,p.104-105
中１,英語,NEW HORIZONE１【東京書籍】,【Unit9】Winter Vacation,【Part2】,,p.106-107
中１,英語,NEW HORIZONE１【東京書籍】,【Unit9】Winter Vacation,【Read and Think】,,p.108-109
中１,英語,NEW HORIZONE１【東京書籍】,【Unit9】Winter Vacation,【Unit Activity】,冬休みの出来事を伝え合おう,p.110
中１,英語,NEW HORIZONE１【東京書籍】,【Unit9】Winter Vacation,【Scene5 Real Life English Writing】,旅先からの便り ―絵はがき―,p.111
中１,英語,NEW HORIZONE１【東京書籍】,【Unit9】Winter Vacation,【Grammar for Communication7】,一般動詞の過去形 〜過去の行動について伝えよう〜,p.112
中１,英語,NEW HORIZONE１【東京書籍】,【Unit10】This Year's Memories,【扉絵】,,p.113
中１,英語,NEW HORIZONE１【東京書籍】,【Unit10】This Year's Memories,【Part1】,,p.114-115
中１,英語,NEW HORIZONE１【東京書籍】,【Unit10】This Year's Memories,【Part2】,,p.116-117
中１,英語,NEW HORIZONE１【東京書籍】,【Unit10】This Year's Memories,【Read and Think】,,p.118-119
中１,英語,NEW HORIZONE１【東京書籍】,【Unit10】This Year's Memories,【Unit Activity】,日記で思い出を残そう,p.120
中１,英語,NEW HORIZONE１【東京書籍】,【Unit10】This Year's Memories,【Scene6 Real Life English Speaking】,病院にて ―症状や出来事を伝える―,p.121
中１,英語,NEW HORIZONE１【東京書籍】,【Unit10】This Year's Memories,【Grammar for Communication8】,be動詞の過去形と過去進行形 〜過去の状態や出来事について伝えよう〜,p.122
中１,英語,NEW HORIZONE１【東京書籍】,【Unit10】This Year's Memories,【Learning Literature in English】,,p.123
中１,英語,NEW HORIZONE１【東京書籍】,【Unit10】This Year's Memories,【Stage Activity3】,My Favorite Event This Year,p.124-125
中１,英語,NEW HORIZONE１【東京書籍】,【Unit10】This Year's Memories,【Let's Read】,Gon the Fox,p.126-128
中２,英語,NEW HORIZONE２【東京書籍】,【Unit0】My Spring Vacation,,,p.6-8
中２,英語,NEW HORIZONE２【東京書籍】,【Unit1】What can we experience on a trip?,【扉絵】,,p.9
中２,英語,NEW HORIZONE２【東京書籍】,【Unit1】What can we experience on a trip?,【Part1】,,p.10
中２,英語,NEW HORIZONE２【東京書籍】,【Unit1】What can we experience on a trip?,【Part2】,,p.11
中２,英語,NEW HORIZONE２【東京書籍】,【Unit1】What can we experience on a trip?,【Read and Think1】,,p.12-13
中２,英語,NEW HORIZONE２【東京書籍】,【Unit1】What can we experience on a trip?,【Read and Think2】,,p.14-15
中２,英語,NEW HORIZONE２【東京書籍】,【Unit1】What can we experience on a trip?,【Unit Activity】,留学生に休日のプランを提案しよう,p.16
中２,英語,NEW HORIZONE２【東京書籍】,【Unit1】What can we experience on a trip?,【Scene1 Real Life English Listening】,機内放送,p.17
中２,英語,NEW HORIZONE２【東京書籍】,【Unit1】What can we experience on a trip?,【Grammar for Communication1】,5つの文構造 〜文の組み立て方を知ろう〜,p.18
中２,英語,NEW HORIZONE２【東京書籍】,【Unit2】What is local food?,【扉絵】,,p.19
中２,英語,NEW HORIZONE２【東京書籍】,【Unit2】What is local food?,【Part1】,,p.20
中２,英語,NEW HORIZONE２【東京書籍】,【Unit2】What is local food?,【Part2】,,p.21
中２,英語,NEW HORIZONE２【東京書籍】,【Unit2】What is local food?,【Read and Think1】,,p.22-23
中２,英語,NEW HORIZONE２【東京書籍】,【Unit2】What is local food?,【Read and Think2】,,p.24-25
中２,英語,NEW HORIZONE２【東京書籍】,【Unit2】What is local food?,【Unit Activity】,イチオシのご当地グルメを紹介しよう,p.26
中２,英語,NEW HORIZONE２【東京書籍】,【Unit2】What is local food?,【Scene2 Real Life English Speaking】,旅行先で ―許可を求める・依頼する―,p.27
中２,英語,NEW HORIZONE２【東京書籍】,【Unit2】What is local food?,【Grammar for Communication2】,接続詞 〜文をつなげよう〜,p.28
中２,英語,NEW HORIZONE２【東京書籍】,【Unit3】What kind of job are you interested in?,【扉絵】,,p.29
中２,英語,NEW HORIZONE２【東京書籍】,【Unit3】What kind of job are you interested in?,【Part1】,,p.30
中２,英語,NEW HORIZONE２【東京書籍】,【Unit3】What kind of job are you interested in?,【Part2】,,p.31
中２,英語,NEW HORIZONE２【東京書籍】,【Unit3】What kind of job are you interested in?,【Read and Think1】,,p.32-33
中２,英語,NEW HORIZONE２【東京書籍】,【Unit3】What kind of job are you interested in?,【Read and Think2】,,p.34-35
中２,英語,NEW HORIZONE２【東京書籍】,【Unit3】What kind of job are you interested in?,【Unit Activity】,「10年後の自分へのメッセージ」を書こう,p.36
中２,英語,NEW HORIZONE２【東京書籍】,【Unit3】What kind of job are you interested in?,【Scene3 Real Life English Listening】,仕事についてのインタビュー,p.37
中２,英語,NEW HORIZONE２【東京書籍】,【Unit3】What kind of job are you interested in?,【Learning Technology in English】,,p.38
中２,英語,NEW HORIZONE２【東京書籍】,【Unit3】What kind of job are you interested in?,【Grammar for Communication3】,不定詞 〜表現の幅を広げよう〜,p.39
中２,英語,NEW HORIZONE２【東京書籍】,【Unit3】What kind of job are you interested in?,【Stage Activity1】,My Favorite Japanese Food,p.40-43
中２,英語,NEW HORIZONE２【東京書籍】,【Unit3】What kind of job are you interested in?,【Let's Read1】,History of Clocks,p.44-47
中２,英語,NEW HORIZONE２【東京書籍】,【Unit3】What kind of job are you interested in?,【英語の歌1】,,p.48
中２,英語,NEW HORIZONE２【東京書籍】,【Unit4】What is important in a homestay?,【扉絵】,,p.49
中２,英語,NEW HORIZONE２【東京書籍】,【Unit4】What is important in a homestay?,【Part1】,,p.50
中２,英語,NEW HORIZONE２【東京書籍】,【Unit4】What is important in a homestay?,【Part2】,,p.51
中２,英語,NEW HORIZONE２【東京書籍】,【Unit4】What is important in a homestay?,【Read and Think1】,,p.52-53
中２,英語,NEW HORIZONE２【東京書籍】,【Unit4】What is important in a homestay?,【Read and Think2】,,p.54-55
中２,英語,NEW HORIZONE２【東京書籍】,【Unit4】What is important in a homestay?,【Unit Activity】,日本の習慣やマナーを伝えよう,p.56
中２,英語,NEW HORIZONE２【東京書籍】,【Unit4】What is important in a homestay?,【Scene4 Real Life English Writing】,ホームステイのお礼状 ―手紙―,p.57
中２,英語,NEW HORIZONE２【東京書籍】,【Unit4】What is important in a homestay?,【Grammar for Communication4】,助動詞 〜動詞に意味をつけ加えよう〜,p.58
中２,英語,NEW HORIZONE２【東京書籍】,【Unit5】What design is good for everyone?,【扉絵】,,p.59
中２,英語,NEW HORIZONE２【東京書籍】,【Unit5】What design is good for everyone?,【Part1】,,p.60
中２,英語,NEW HORIZONE２【東京書籍】,【Unit5】What design is good for everyone?,【Part2】,,p.61
中２,英語,NEW HORIZONE２【東京書籍】,【Unit5】What design is good for everyone?,【Read and Think1】,,p.62-63
中２,英語,NEW HORIZONE２【東京書籍】,【Unit5】What design is good for everyone?,【Read and Think2】,,p.64-65
中２,英語,NEW HORIZONE２【東京書籍】,【Unit5】What design is good for everyone?,【Unit Activity】,取り入れたいユニバーサルデザインを伝え合おう,p.66
中２,英語,NEW HORIZONE２【東京書籍】,【Unit5】What design is good for everyone?,【Scene5 Real Life English Listening】,アナウンス・案内,p.67
中２,英語,NEW HORIZONE２【東京書籍】,【Unit5】What design is good for everyone?,【Learning Social Studies in English】,,p.68
中２,英語,NEW HORIZONE２【東京書籍】,【Unit6】How can we make a good presentation?,【扉絵】,,p.69
中２,英語,NEW HORIZONE２【東京書籍】,【Unit6】How can we make a good presentation?,【Part1】,,p.70
中２,英語,NEW HORIZONE２【東京書籍】,【Unit6】How can we make a good presentation?,【Part2】,,p.71
中２,英語,NEW HORIZONE２【東京書籍】,【Unit6】How can we make a good presentation?,【Read and Think1】,,p.72-73
中２,英語,NEW HORIZONE２【東京書籍】,【Unit6】How can we make a good presentation?,【Read and Think2】,,p.74-75
中２,英語,NEW HORIZONE２【東京書籍】,【Unit6】How can we make a good presentation?,【Unit Activity】,アンケート調査の結果を発表しよう,p.76
中２,英語,NEW HORIZONE２【東京書籍】,【Unit6】How can we make a good presentation?,【Scene6 Real Life English Speaking】,電車の乗り換え ―道案内―,p.77
中２,英語,NEW HORIZONE２【東京書籍】,【Unit6】How can we make a good presentation?,【Grammar for Communication5】,比較表現 〜ものを比べよう〜,p.78-79
中２,英語,NEW HORIZONE２【東京書籍】,【Unit6】How can we make a good presentation?,【Stage Activity2】,My School and School Life,p.80-83
中２,英語,NEW HORIZONE２【東京書籍】,【Unit6】How can we make a good presentation?,【Let's Read2】,A Glass of Milk,p.84-87
中２,英語,NEW HORIZONE２【東京書籍】,【Unit6】How can we make a good presentation?,【英語の歌2】,,p.88
中２,英語,NEW HORIZONE２【東京書籍】,【Unit7】What are World Heritage sites and their problems?,【扉絵】,,p.89
中２,英語,NEW HORIZONE２【東京書籍】,【Unit7】What are World Heritage sites and their problems?,【Part1】,,p.90
中２,英語,NEW HORIZONE２【東京書籍】,【Unit7】What are World Heritage sites and their problems?,【Part2】,,p.91
中２,英語,NEW HORIZONE２【東京書籍】,【Unit7】What are World Heritage sites and their problems?,【Read and Think1】,,p.92-93
中２,英語,NEW HORIZONE２【東京書籍】,【Unit7】What are World Heritage sites and their problems?,【Read and Think2】,,p.94-95
中２,英語,NEW HORIZONE２【東京書籍】,【Unit7】What are World Heritage sites and their problems?,【Unit Activity】,日本の世界遺産の特徴を海外の人に紹介しよう,p.96
中２,英語,NEW HORIZONE２【東京書籍】,【Unit7】What are World Heritage sites and their problems?,【Scene7 Real Life English Speaking】,買い物 ―申し出る・要望を伝える―,p.97
中２,英語,NEW HORIZONE２【東京書籍】,【Unit7】What are World Heritage sites and their problems?,【Grammar for Communication6】,受け身 〜視点を変えて情報を伝えよう〜,p.98
中２,英語,NEW HORIZONE２【東京書籍】,【Unit7】What are World Heritage sites and their problems?,【英語の歌3】,,p.99
中２,英語,NEW HORIZONE２【東京書籍】,【Unit7】What are World Heritage sites and their problems?,【Stage Activity3】,Let's Have a Discussion,p.100-103
中２,英語,NEW HORIZONE２【東京書籍】,【Unit7】What are World Heritage sites and their problems?,【Let's Read3】,Pictures and Our Beautiful Planet,p.104-108
中２,英語,NEW HORIZONE２【東京書籍】,【資料編】,【目次】,,p.109
中２,英語,NEW HORIZONE２【東京書籍】,【資料編】,【Further Reading】,I'll Always Love You,p.110-112
中２,英語,NEW HORIZONE２【東京書籍】,【資料編】,【Word List】,,p.113-128
中２,英語,NEW HORIZONE２【東京書籍】,【資料編】,【形容詞・副詞比較変化表】,,p.129
中２,英語,NEW HORIZONE２【東京書籍】,【資料編】,【不規則動詞変化表】,,p.130-131
中２,英語,NEW HORIZONE２【東京書籍】,【資料編】,【2年Key Sentences・Key Expressions一覧】,,p.132-133
中２,英語,NEW HORIZONE２【東京書籍】,【資料編】,【1・2年 表現のまとめ】,,p.134
中２,英語,NEW HORIZONE２【東京書籍】,【資料編】,【Unit Activity Plus1】,留学生に休日のプランを提案しよう,p.135
中２,英語,NEW HORIZONE２【東京書籍】,【資料編】,【Unit Activity Plus2】,イチオシのご当地グルメを紹介しよう,p.136
中２,英語,NEW HORIZONE２【東京書籍】,【資料編】,【Unit Activity Plus3】,「10年後の自分へのメッセージ」を書こう,p.137
中２,英語,NEW HORIZONE２【東京書籍】,【資料編】,【Unit Activity Plus4】,日本の習慣やマナーを伝えよう,p.138
中２,英語,NEW HORIZONE２【東京書籍】,【資料編】,【Unit Activity Plus5】,取り入れたいユニバーサルデザインを伝え合おう,p.139
中２,英語,NEW HORIZONE２【東京書籍】,【資料編】,【Unit Activity Plus6】,アンケート調査の結果を発表しよう,p.140
中２,英語,NEW HORIZONE２【東京書籍】,【資料編】,【Unit Activity Plus7】,日本の世界遺産の特徴を海外の人に紹介しよう,p.141
中２,英語,NEW HORIZONE２【東京書籍】,【資料編】,【Word Room】,,p.142-144
中２,英語,NEW HORIZONE２【東京書籍】,【資料編】,【帯活動用 Small Talk】,即興で伝え合おう,p.145-149
中２,英語,NEW HORIZONE２【東京書籍】,【資料編】,【英語の音と文字】,,p.150-151
中３,英語,NEW HORIZONE３【東京書籍】,【Unit0】Discover a New Side of Classmates,,,p.6-8
中３,英語,NEW HORIZONE３【東京書籍】,【Unit1】What is special about Japanese pop culture?,【扉絵】,,p.9
中３,英語,NEW HORIZONE３【東京書籍】,【Unit1】What is special about Japanese pop culture?,【Part1】,,p.10
中３,英語,NEW HORIZONE３【東京書籍】,【Unit1】What is special about Japanese pop culture?,【Part2】,,p.11
中３,英語,NEW HORIZONE３【東京書籍】,【Unit1】What is special about Japanese pop culture?,【Read and Think1】,,p.12-13
中３,英語,NEW HORIZONE３【東京書籍】,【Unit1】What is special about Japanese pop culture?,【Read and Think2】,,p.14-15
中３,英語,NEW HORIZONE３【東京書籍】,【Unit1】What is special about Japanese pop culture?,【Unit Activity】,日本のポップカルチャーの魅力を伝えよう,p.16
中３,英語,NEW HORIZONE３【東京書籍】,【Unit1】What is special about Japanese pop culture?,【Scene1 Real Life English Listening】,ディスカッション,p.17
中３,英語,NEW HORIZONE３【東京書籍】,【Unit1】What is special about Japanese pop culture?,【Learning Japanese in English】,,p.18
中３,英語,NEW HORIZONE３【東京書籍】,【Unit2】How do you choose your clothes?,【扉絵】,,p.19
中３,英語,NEW HORIZONE３【東京書籍】,【Unit2】How do you choose your clothes?,【Part1】,,p.20
中３,英語,NEW HORIZONE３【東京書籍】,【Unit2】How do you choose your clothes?,【Part2】,,p.21
中３,英語,NEW HORIZONE３【東京書籍】,【Unit2】How do you choose your clothes?,【Read and Think1】,,p.22-23
中３,英語,NEW HORIZONE３【東京書籍】,【Unit2】How do you choose your clothes?,【Read and Think2】,,p.24-25
中３,英語,NEW HORIZONE３【東京書籍】,【Unit2】How do you choose your clothes?,【Unit Activity】,エシカルな商品をPRしよう,p.26
中３,英語,NEW HORIZONE３【東京書籍】,【Unit2】How do you choose your clothes?,【Scene2 Real Life English Listening】,講演,p.27
中３,英語,NEW HORIZONE３【東京書籍】,【Unit2】How do you choose your clothes?,【Grammar for Communication1】,現在完了形と現在完了進行形 〜過去から現在へのつながりを意識しよう〜,p.28-29
中３,英語,NEW HORIZONE３【東京書籍】,【Unit2】How do you choose your clothes?,【英語の歌1】,,p.30
中３,英語,NEW HORIZONE３【東京書籍】,【Unit3】How can we save animal?,【扉絵】,,p.31
中３,英語,NEW HORIZONE３【東京書籍】,【Unit3】How can we save animal?,【Part1】,,p.32
中３,英語,NEW HORIZONE３【東京書籍】,【Unit3】How can we save animal?,【Part2】,,p.33
中３,英語,NEW HORIZONE３【東京書籍】,【Unit3】How can we save animal?,【Read and Think1】,,p.34-35
中３,英語,NEW HORIZONE３【東京書籍】,【Unit3】How can we save animal?,【Read and Think2】,,p.36-37
中３,英語,NEW HORIZONE３【東京書籍】,【Unit3】How can we save animal?,【Unit Activity】,絶滅のおそれのある動物の現状を伝えよう,p.38
中３,英語,NEW HORIZONE３【東京書籍】,【Unit3】How can we save animal?,【Scene3 Real Life English Writing】,グラフや表の活用 ―レポート―,p.39
中３,英語,NEW HORIZONE３【東京書籍】,【Unit3】How can we save animal?,【Learning Science in English】,,p.40
中３,英語,NEW HORIZONE３【東京書籍】,【Unit3】How can we save animal?,【Grammar for Communication2】,不定詞 〜「だれがするか」をとらえよう〜,p.41
中３,英語,NEW HORIZONE３【東京書籍】,【Unit3】How can we save animal?,【Stage Activity1】,Discover Japan,p.42-45
中３,英語,NEW HORIZONE３【東京書籍】,【Unit3】How can we save animal?,【Let's Read1】,A Mother's Lullaby,p.46-49
中３,英語,NEW HORIZONE３【東京書籍】,【Unit3】How can we save animal?,【英語の歌2】,,p.50
中３,英語,NEW HORIZONE３【東京書籍】,【Unit4】How can we help each other in a disaster?,【扉絵】,,p.51
中３,英語,NEW HORIZONE３【東京書籍】,【Unit4】How can we help each other in a disaster?,【Part1】,,p.52
中３,英語,NEW HORIZONE３【東京書籍】,【Unit4】How can we help each other in a disaster?,【Part2】,,p.53
中３,英語,NEW HORIZONE３【東京書籍】,【Unit4】How can we help each other in a disaster?,【Read and Think1】,,p.54-55
中３,英語,NEW HORIZONE３【東京書籍】,【Unit4】How can we help each other in a disaster?,【Read and Think2】,,p.56-57
中３,英語,NEW HORIZONE３【東京書籍】,【Unit4】How can we help each other in a disaster?,【Unit Activity】,地域の一員として防災への取り組みを発表しよう,p.58
中３,英語,NEW HORIZONE３【東京書籍】,【Unit4】How can we help each other in a disaster?,【Scene4 Real Life English Speaking】,町中での手助け ―申し出る―,p.59
中３,英語,NEW HORIZONE３【東京書籍】,【Unit4】How can we help each other in a disaster?,【Learning Art in English】,,p.60
中３,英語,NEW HORIZONE３【東京書籍】,【Unit5】What makes a good leader?,【扉絵】,,p.61
中３,英語,NEW HORIZONE３【東京書籍】,【Unit5】What makes a good leader?,【Part1】,,p.62
中３,英語,NEW HORIZONE３【東京書籍】,【Unit5】What makes a good leader?,【Part2】,,p.63
中３,英語,NEW HORIZONE３【東京書籍】,【Unit5】What makes a good leader?,【Read and Think1】,,p.64-65
中３,英語,NEW HORIZONE３【東京書籍】,【Unit5】What makes a good leader?,【Read and Think2】,,p.66-67
中３,英語,NEW HORIZONE３【東京書籍】,【Unit5】What makes a good leader?,【Unit Activity】,情報を加えて理想のリーダーを紹介しよう,p.68
中３,英語,NEW HORIZONE３【東京書籍】,【Unit5】What makes a good leader?,【Scene5 Real Life English Writing】,記事への意見 ―投稿文―,p.69
中３,英語,NEW HORIZONE３【東京書籍】,【Unit5】What makes a good leader?,【Grammar for Communication3】,後置修飾 〜情報を加えて説明しよう〜,p.70-71
中３,英語,NEW HORIZONE３【東京書籍】,【Unit5】What makes a good leader?,【Stage Activity2】,My Activity Report,p.72-75
中３,英語,NEW HORIZONE３【東京書籍】,【Unit5】What makes a good leader?,【英語の歌3】,,p.76
中３,英語,NEW HORIZONE３【東京書籍】,【Unit6】What does it mean to be a global citizen?,【扉絵】,,p.77
中３,英語,NEW HORIZONE３【東京書籍】,【Unit6】What does it mean to be a global citizen?,【Part1】,,p.78
中３,英語,NEW HORIZONE３【東京書籍】,【Unit6】What does it mean to be a global citizen?,【Part2】,,p.79
中３,英語,NEW HORIZONE３【東京書籍】,【Unit6】What does it mean to be a global citizen?,【Read and Think1】,,p.80-81
中３,英語,NEW HORIZONE３【東京書籍】,【Unit6】What does it mean to be a global citizen?,【Read and Think2】,,p.82-83
中３,英語,NEW HORIZONE３【東京書籍】,【Unit6】What does it mean to be a global citizen?,【Unit Activity】,地球市民としての抱負を伝え合おう,p.84
中３,英語,NEW HORIZONE３【東京書籍】,【Unit6】What does it mean to be a global citizen?,【Scene6 Real Life English Listening】,テレビの国際ニュース,p.85
中３,英語,NEW HORIZONE３【東京書籍】,【Unit6】What does it mean to be a global citizen?,【Learning Social Studies in English】,,p.86
中３,英語,NEW HORIZONE３【東京書籍】,【Unit6】What does it mean to be a global citizen?,【Grammar for Communication4】,仮定法 〜現実とは異なる願いや仮定を伝えよう〜,p.87
中３,英語,NEW HORIZONE３【東京書籍】,【Unit6】What does it mean to be a global citizen?,【Stage Activity3】,Let's Have a Mini Debate,p.88-91
中３,英語,NEW HORIZONE３【東京書籍】,【Unit6】What does it mean to be a global citizen?,【Let's Read2】,Power Your Future,p.92-95
中３,英語,NEW HORIZONE３【東京書籍】,【Unit6】What does it mean to be a global citizen?,【Let's Read3】,Coloring Outside the Lines,p.96-100
中３,英語,NEW HORIZONE３【東京書籍】,【資料編】,【目次】,,p.101
中３,英語,NEW HORIZONE３【東京書籍】,【資料編】,【Further Reading】,Malala Yousafzai: Education First,p.102-104
中３,英語,NEW HORIZONE３【東京書籍】,【資料編】,【Word List】,,p.105-126
中３,英語,NEW HORIZONE３【東京書籍】,【資料編】,【形容詞・副詞比較変化表】,,p.127
中３,英語,NEW HORIZONE３【東京書籍】,【資料編】,【不規則動詞変化表】,,p.128-129
中３,英語,NEW HORIZONE３【東京書籍】,【資料編】,【3年Key Sentences・Key Expressions一覧】,,p.130
中３,英語,NEW HORIZONE３【東京書籍】,【資料編】,【1〜3年 表現のまとめ】,,p.131
中３,英語,NEW HORIZONE３【東京書籍】,【資料編】,【1〜3年Key Sentences一覧】,,p.132-133
中３,英語,NEW HORIZONE３【東京書籍】,【資料編】,【数字の読み方】,,p.134
中３,英語,NEW HORIZONE３【東京書籍】,【資料編】,【Unit Activity Plus1】,日本のポップカルチャーの魅力を伝えよう,p.135
中３,英語,NEW HORIZONE３【東京書籍】,【資料編】,【Unit Activity Plus2】,エシカルな商品をPRしよう,p.136
中３,英語,NEW HORIZONE３【東京書籍】,【資料編】,【Unit Activity Plus3】,絶滅のおそれのある動物の現状を伝えよう,p.137
中３,英語,NEW HORIZONE３【東京書籍】,【資料編】,【Unit Activity Plus4】,地域の一員として防災への取り組みを発表しよう,p.138
中３,英語,NEW HORIZONE３【東京書籍】,【資料編】,【Unit Activity Plus5】,情報を加えて理想のリーダーを紹介しよう,p.139
中３,英語,NEW HORIZONE３【東京書籍】,【資料編】,【Unit Activity Plus6】,地球市民としての抱負を伝え合おう,p.140
中３,英語,NEW HORIZONE３【東京書籍】,【資料編】,【Word Room】,,p.141-144
中３,英語,NEW HORIZONE３【東京書籍】,【資料編】,【帯活動用 Small Talk】,即興で伝え合おう,p.145-149
中３,英語,NEW HORIZONE３【東京書籍】,【資料編】,【英語の音と文字】,,p.150-151
中１,国語,国語１,表紙,朝のリレー  ,,p1-2
中１,国語,国語１,表紙,学習の見通しをもとう ,,p6-8
中１,国語,国語１,表紙,思考の地図 ,,p9-10
中１,国語,国語１,表紙,この教科書で学習するみなさんへ／主体的な学びのために ,,p11-13
中１,国語,国語１,言葉に出会うために,声を届ける 野原はうたう ,,p16-17
中１,国語,国語１,言葉に出会うために,書き留める／言葉を調べる ,,p18-19
中１,国語,国語１,言葉に出会うために,続けてみよう ,,p20
中１,国語,国語１,【1】学びをひらく,はじまりの風 ,,p22-29
中１,国語,国語１,【1】学びをひらく,季節のしおり 春 ,,p30
中１,国語,国語１,【1】学びをひらく,[聞く]情報を聞き取り、要点を伝える ,,p31-32
中１,国語,国語１,【1】学びをひらく,言葉1 音声の仕組みや働き,,p33
中１,国語,国語１,【1】学びをひらく,話の構成を工夫しよう 一枚の写真をもとにスピーチをする,,p34-37
中１,国語,国語１,【1】学びをひらく,漢字1 漢字の組み立てと部首,,p38-39
中１,国語,国語１,【1】学びをひらく,漢字に親しもう1 ,,p40
中１,国語,国語１,【2】新しい視点で,ダイコンは大きな根？ ,,p42-45
中１,国語,国語１,【2】新しい視点で,ちょっと立ち止まって ,,p46-51
中１,国語,国語１,【2】新しい視点で,情報整理のレッスン 比較・分類,,p52-53
中１,国語,国語１,【2】新しい視点で,情報を整理して説明しよう 発見したことをわかりやすく書く,,p54-57
中１,国語,国語１,【2】新しい視点で,言葉2 指示する語句と接続する語句,,p58-60
中１,国語,国語１,【3】言葉に立ち止まる,空の詩 三編 ,,p62-66
中１,国語,国語１,【3】言葉に立ち止まる,詩の創作教室 ,,p67
中１,国語,国語１,【3】言葉に立ち止まる,言葉3 さまざまな表現技法,,p68-70
中１,国語,国語１,【3】言葉に立ち止まる,比喩で広がる言葉の世界 ,,p71-74
中１,国語,国語１,【3】言葉に立ち止まる,文法への扉1 言葉のまとまりを考えよう,,p75
中１,国語,国語１,【3】言葉に立ち止まる,語彙を豊かに 心情を表す言葉,,p76-77
中１,国語,国語１,情報×SDGs,情報収集の達人になろう ,,p78-83
中１,国語,国語１,いつも本はそばに,読書を楽しむ ,,p84-85
中１,国語,国語１,いつも本はそばに,本の中の中学生 ,,p86
中１,国語,国語１,いつも本はそばに,あと少し、もう少し ,,p86-87
中１,国語,国語１,いつも本はそばに,西の魔女が死んだ ,,p88-89
中１,国語,国語１,いつも本はそばに,読書案内 本の世界を広げよう,,p90-92
中１,国語,国語１,いつも本はそばに,コラム 本との出会い,,p93
中１,国語,国語１,いつも本はそばに,季節のしおり 夏 ,,p94
中１,国語,国語１,【4】心の動き,大人になれなかった弟たちに…… ,,p96-105
中１,国語,国語１,【4】心の動き,星の花が降るころに ,,p106-115
中１,国語,国語１,【4】心の動き,項目を立てて書こう 案内文を書く,,p116-117
中１,国語,国語１,【4】心の動き,[推敲]読み手の立場に立つ ,,p118
中１,国語,国語１,【4】心の動き,言葉4 方言と共通語,,p119-121
中１,国語,国語１,【4】心の動き,聞き上手になろう 質問で話を引き出す,,p122-123
中１,国語,国語１,【4】心の動き,漢字2 漢字の音訓,,p124-125
中１,国語,国語１,【4】心の動き,漢字に親しもう2 ,,p126
中１,国語,国語１,【5】筋道を立てて,「言葉」を持つ鳥、シジュウカラ ,,p128-137
中１,国語,国語１,【5】筋道を立てて,思考のレッスン1 意見と根拠,,p138-139
中１,国語,国語１,【5】筋道を立てて,根拠を明確にして書こう 資料を引用して報告する,,p140-145
中１,国語,国語１,【5】筋道を立てて,漢字に親しもう3 ,,p146
中１,国語,国語１,【5】筋道を立てて,文法への扉2 言葉の関係を考えよう,,p147
中１,国語,国語１,【5】筋道を立てて,大阿蘇 ,,p148-149
中１,国語,国語１,【5】筋道を立てて,季節のしおり 秋 ,,p150
中１,国語,国語１,【6】いにしえの心にふれる,古典の世界 ,,p152-153
中１,国語,国語１,【6】いにしえの心にふれる,音読を楽しむ いろは歌,,p154-155
中１,国語,国語１,【6】いにしえの心にふれる,蓬莱の玉の枝 「竹取物語」から,,p156-168
中１,国語,国語１,【6】いにしえの心にふれる,古典の言葉 ,,p169
中１,国語,国語１,【6】いにしえの心にふれる,今に生きる言葉 ,,p170-173
中１,国語,国語１,【6】いにしえの心にふれる,漢文を読む ,,p174
中１,国語,国語１,【7】価値を見いだす,「不便」の価値を見つめ直す ,,p176-185
中１,国語,国語１,【7】価値を見いだす,思考のレッスン2 原因と結果,,p186-187
中１,国語,国語１,【7】価値を見いだす,漢字に親しもう4 ,,p188
中１,国語,国語１,【7】価値を見いだす,[話し合い(進行)]進め方について考えよう ,,p189-190
中１,国語,国語１,【7】価値を見いだす,季節のしおり 冬 ,,p191
中１,国語,国語１,【7】価値を見いだす,話題や展開を捉えて話し合おう グループで語り合い、ものの見方を広げる,,p192-195
中１,国語,国語１,いつも本はそばに,研究の現場にようこそ ,,p196
中１,国語,国語１,いつも本はそばに,四百年のスローライフ ,,p196-199
中１,国語,国語１,いつも本はそばに,はやぶさ2 最後のミッションの真実,,p200-201
中１,国語,国語１,いつも本はそばに,読書案内 本の世界を広げよう,,p202-204
中１,国語,国語１,【8】自分を見つめる,少年の日の思い出 ,,p206-221
中１,国語,国語１,【8】自分を見つめる,漢字に親しもう5 ,,p222
中１,国語,国語１,【8】自分を見つめる,文法への扉3 単語の性質を見つけよう,,p223
中１,国語,国語１,【8】自分を見つめる,二十歳になった日 ,,p224-227
中１,国語,国語１,【8】自分を見つめる,構成や描写を工夫して書こう 体験を基に随筆を書く,,p228-231
中１,国語,国語１,【8】自分を見つめる,漢字3 漢字の成り立ち,,p232-233
中１,国語,国語１,【8】自分を見つめる,一年間の学びを振り返ろう 要点を資料にまとめ、発表する,,p234-237
中１,国語,国語１,【8】自分を見つめる,ぼくが、ここに ,,p238-240
中１,国語,国語１,学びを深める,文法1 言葉の単位,,p242-245
中１,国語,国語１,学びを深める,文法2 文の組み立て,,p246-250
中１,国語,国語１,学びを深める,文法3 単語の分類,,p251-256
中１,国語,国語１,学びを深める,[練習]小学校六年生で学習した漢字 ,,p257-259
中１,国語,国語１,学びを深める,小学校六年生で学習した漢字一覧 ,,p260-261
中１,国語,国語１,学びを深める,国語の力試し ,,p262-266
中１,国語,国語１,学びを深める,語彙ブック ,,p267-274
中２,国語,国語２,表紙,見えないだけ ,,p1-5
中２,国語,国語２,表紙,学習の見通しをもとう ,,p6-8
中２,国語,国語２,表紙,思考の地図 ,,p9-10
中２,国語,国語２,表紙,この教科書で学習する皆さんへ／主体的な学びのために ,,p11-13
中２,国語,国語２,表紙,続けてみよう ,,p14
中２,国語,国語２,【1】広がる学びへ,アイスプラネット ,,p16-27
中２,国語,国語２,【1】広がる学びへ,漢字に親しもう1 ,,p28
中２,国語,国語２,【1】広がる学びへ,[聞く]意見を聞き、整理して検討する ,,p29-30
中２,国語,国語２,【1】広がる学びへ,文法への扉1 単語をどう分ける？,,p31
中２,国語,国語２,【1】広がる学びへ,魅力的な提案をしよう 資料を示してプレゼンテーションする,,p32-35
中２,国語,国語２,【1】広がる学びへ,枕草子 ,,p36-39
中２,国語,国語２,【1】広がる学びへ,季節のしおり 春 ,,p40
中２,国語,国語２,【2】多様な視点から,クマゼミ増加の原因を探る ,,p42-51
中２,国語,国語２,【2】多様な視点から,情報整理のレッスン 思考の視覚化,,p52-53
中２,国語,国語２,【2】多様な視点から,情報を整理して伝えよう 職業ガイドを作る,,p54-57
中２,国語,国語２,【2】多様な視点から,漢字1 熟語の構成,,p58-59
中２,国語,国語２,【2】多様な視点から,漢字に親しもう2 ,,p60
中２,国語,国語２,【3】言葉と向き合う,短歌に親しむ ,,p62-65
中２,国語,国語２,【3】言葉と向き合う,短歌の創作教室 ,,p66-67
中２,国語,国語２,【3】言葉と向き合う,短歌を味わう ,,p68
中２,国語,国語２,【3】言葉と向き合う,言葉の力 ,,p69-71
中２,国語,国語２,【3】言葉と向き合う,言葉1 類義語・対義語・多義語,,p72-73
中２,国語,国語２,【3】言葉と向き合う,語彙を豊かに 抽象的な概念を表す言葉,,p74-75
中２,国語,国語２,情報×SDGs,メディアの特徴を活かして情報を集めよう ,,p76-79
中２,国語,国語２,情報×SDGs,デジタル市民として生きる ,,p80-81
中２,国語,国語２,いつも本はそばに,読書を楽しむ ,,p82-83
中２,国語,国語２,いつも本はそばに,翻訳作品を読み比べよう ,,p84
中２,国語,国語２,いつも本はそばに,星の王子さま ,,p84-85
中２,国語,国語２,いつも本はそばに,コラム 「わからない」は人生の宝物,,p86
中２,国語,国語２,いつも本はそばに,読書案内 本の世界を広げよう,,p87-89
中２,国語,国語２,いつも本はそばに,季節のしおり 夏 ,,p90
中２,国語,国語２,【4】人間のきずな,ヒューマノイド ,,p92-103
中２,国語,国語２,【4】人間のきずな,字のない葉書 ,,p104-109
中２,国語,国語２,【4】人間のきずな,表現を工夫して書こう 手紙や電子メールを書く,,p110-111
中２,国語,国語２,【4】人間のきずな,[推敲]表現の効果を考える ,,p112
中２,国語,国語２,【4】人間のきずな,言葉2 敬語,,p113-115
中２,国語,国語２,【4】人間のきずな,聞き上手になろう 質問で思いや考えを引き出す,,p116-117
中２,国語,国語２,【4】人間のきずな,漢字2 同じ訓・同じ音をもつ漢字,,p118-119
中２,国語,国語２,【4】人間のきずな,漢字に親しもう3 ,,p120
中２,国語,国語２,【5】論理を捉えて,モアイは語る――地球の未来 ,,p122-129
中２,国語,国語２,【5】論理を捉えて,思考のレッスン1 根拠の吟味,,p130-131
中２,国語,国語２,【5】論理を捉えて,適切な根拠を選んで書こう 意見文を書く,,p132-135
中２,国語,国語２,【5】論理を捉えて,聴きひたる 月夜の浜辺,,p136-137
中２,国語,国語２,【5】論理を捉えて,季節のしおり 秋 ,,p138
中２,国語,国語２,【6】いにしえの心を訪ねる,音読を楽しむ 平家物語,,p140
中２,国語,国語２,【6】いにしえの心を訪ねる,「平家物語」の世界／「平家物語」の主な登場人物たち ,,p141-145
中２,国語,国語２,【6】いにしえの心を訪ねる,扇の的――「平家物語」から ,,p146-153
中２,国語,国語２,【6】いにしえの心を訪ねる,仁和寺にある法師――「徒然草」から ,,p154-155
中２,国語,国語２,【6】いにしえの心を訪ねる,係り結び ,,p156-157
中２,国語,国語２,【6】いにしえの心を訪ねる,漢詩の風景 ,,p158-163
中２,国語,国語２,【6】いにしえの心を訪ねる,律詩について ,,p164
中２,国語,国語２,【7】価値を語る,君は「最後の晩餐」を知っているか ,,p166-175
中２,国語,国語２,【7】価値を語る,「最後の晩餐」の新しさ ,,p176-179
中２,国語,国語２,【7】価値を語る,思考のレッスン2 具体と抽象,,p180-181
中２,国語,国語２,【7】価値を語る,季節のしおり 冬 ,,p182
中２,国語,国語２,【7】価値を語る,[話し合い(進行)]話し合いの流れを整理しよう ,,p183-184
中２,国語,国語２,【7】価値を語る,文法への扉2 走る。走らない。走ろうよ。,,p185
中２,国語,国語２,【7】価値を語る,立場を尊重して話し合おう 討論で視野を広げる,,p186-189
中２,国語,国語２,【7】価値を語る,漢字に親しもう4 ,,p190-191
中２,国語,国語２,いつも本はそばに,「自分らしさ」を認め合う社会へ ,,p192
中２,国語,国語２,いつも本はそばに,父と話せば ,,p192-194
中２,国語,国語２,いつも本はそばに,六千回のトライの先に ,,p195-199
中２,国語,国語２,いつも本はそばに,読書案内 本の世界を広げよう,,p200-202
中２,国語,国語２,【8】表現を見つめる,走れメロス ,,p204-221
中２,国語,国語２,【8】表現を見つめる,漢字に親しもう5 ,,p222
中２,国語,国語２,【8】表現を見つめる,文法への扉3 一字違いで大違い,,p223
中２,国語,国語２,【8】表現を見つめる,描写を工夫して書こう 心の動きが伝わるように物語を書く,,p224-227
中２,国語,国語２,【8】表現を見つめる,言葉3 話し言葉と書き言葉,,p228-229
中２,国語,国語２,【8】表現を見つめる,漢字3 送り仮名,,p230-231
中２,国語,国語２,【8】表現を見つめる,国語の学びを振り返ろう 「国語を学ぶ意義」を考え、コピーを作る,,p232-235
中２,国語,国語２,【8】表現を見つめる,鍵 ,,p236-238
中２,国語,国語２,学びを深める,文法 一年生の復習,,p240-241
中２,国語,国語２,学びを深める,文法1 自立語,,p242-245
中２,国語,国語２,学びを深める,文法2 用言の活用,,p246-250
中２,国語,国語２,学びを深める,文法3 付属語,,p251-256
中２,国語,国語２,学びを深める,[練習]小学校六年生で学習した漢字 ,,p257-259
中２,国語,国語２,学びを深める,小学校六年生で学習した漢字一覧 ,,p260-261
中２,国語,国語２,学びを深める,国語の力試し ,,p262-266
中２,国語,国語２,学びを深める,語彙ブック ,,p267-274
中３,国語,国語３,表紙,世界はうつくしいと ,,p1-5
中３,国語,国語３,表紙,学習の見通しをもとう ,,p6-8
中３,国語,国語３,表紙,思考の地図 ,,p9-10
中３,国語,国語３,表紙,この教科書で学習する皆さんへ／主体的な学びのために ,,p11-13
中３,国語,国語３,表紙,続けてみよう ,,p14
中３,国語,国語３,【1】深まる学びへ,握手 ,,p16-27
中３,国語,国語３,【1】深まる学びへ,漢字に親しもう1 ,,p28
中３,国語,国語３,【1】深まる学びへ,[聞く]意見を聞き、適切さを判断する ,,p29-30
中３,国語,国語３,【1】深まる学びへ,文法への扉1 「走って」いるのは誰,,p31
中３,国語,国語３,【1】深まる学びへ,説得力のある構成を考えよう スピーチで心を動かす,,p32-35
中３,国語,国語３,【1】深まる学びへ,言葉1 相手や場に応じた言葉遣い,,p36-37
中３,国語,国語３,【1】深まる学びへ,学びて時に之を思ふ――「論語」から ,,p38-40
中３,国語,国語３,【1】深まる学びへ,漢文の訓読 ,,p41
中３,国語,国語３,【1】深まる学びへ,季節のしおり 春 ,,p42
中３,国語,国語３,【2】視野を広げて,作られた「物語」を超えて ,,p44-51
中３,国語,国語３,【2】視野を広げて,思考のレッスン 具体化・抽象化,,p52-53
中３,国語,国語３,【2】視野を広げて,論理の展開を意識して書こう グラフを基に小論文を書く,,p54-57
中３,国語,国語３,【2】視野を広げて,漢字1 熟語の読み方,,p58-59
中３,国語,国語３,【2】視野を広げて,漢字に親しもう2 ,,p60
中３,国語,国語３,【3】言葉とともに,俳句の可能性 ,,p62-65
中３,国語,国語３,【3】言葉とともに,俳句の創作教室 ,,p66-67
中３,国語,国語３,【3】言葉とともに,俳句を味わう ,,p68
中３,国語,国語３,【3】言葉とともに,言葉の釣り糸を垂らす ,,p69-71
中３,国語,国語３,【3】言葉とともに,言葉2 和語・漢語・外来語,,p72-73
中３,国語,国語３,【3】言葉とともに,語彙を豊かに 時代や世代による言葉の変化,,p74-75
中３,国語,国語３,情報×SDGs,実用的な文章を読もう ,,p76-77
中３,国語,国語３,情報×SDGs,報道文を比較して読もう ,,p78-83
中３,国語,国語３,情報×SDGs,情報整理のレッスン 情報の信頼性,,p84-85
中３,国語,国語３,いつも本はそばに,読書を楽しむ ,,p86-87
中３,国語,国語３,いつも本はそばに,「私の一冊」を探しにいこう ,,p88-89
中３,国語,国語３,いつも本はそばに,羊と鋼の森 ,,p90-93
中３,国語,国語３,いつも本はそばに,読書案内 本の世界を広げよう,,p94-96
中３,国語,国語３,いつも本はそばに,コラム ためになるってどんなこと？,,p97
中３,国語,国語３,いつも本はそばに,季節のしおり 夏 ,,p98
中３,国語,国語３,【4】状況の中で,挨拶――原爆の写真によせて ,,p100-103
中３,国語,国語３,【4】状況の中で,故郷 ,,p104-119
中３,国語,国語３,【4】状況の中で,[推敲]論理の展開を整える ,,p120-121
中３,国語,国語３,【4】状況の中で,言葉3 慣用句・ことわざ・故事成語,,p122-123
中３,国語,国語３,【4】状況の中で,聞き上手になろう 質問で相手の思いに迫る,,p124-125
中３,国語,国語３,【4】状況の中で,漢字2 漢字の造語力,,p126-128
中３,国語,国語３,【5】自らの考えを,複数の意見を読んで、考えよう――正解が一つに決まらない課題と向き合う ,,p130-135
中３,国語,国語３,【5】自らの考えを,考えを効果的に伝えよう 多角的に分析して批評文を書く,,p136-139
中３,国語,国語３,【5】自らの考えを,漢字に親しもう3 ,,p140
中３,国語,国語３,【5】自らの考えを,文法への扉2 「ない」の違いがわからない？,,p141
中３,国語,国語３,【5】自らの考えを,聴きひたる 初恋,,p142-143
中３,国語,国語３,【5】自らの考えを,季節のしおり 秋 ,,p144
中３,国語,国語３,【6】いにしえの心を受け継ぐ,音読を楽しむ 平家物語,,p140
中３,国語,国語３,【6】いにしえの心を受け継ぐ,「平家物語」の世界／「平家物語」の主な登場人物たち ,,p141-145
中３,国語,国語３,【6】いにしえの心を受け継ぐ,扇の的――「平家物語」から ,,p146-153
中３,国語,国語３,【6】いにしえの心を受け継ぐ,仁和寺にある法師――「徒然草」から ,,p154-155
中３,国語,国語３,【6】いにしえの心を受け継ぐ,係り結び ,,p156-157
中３,国語,国語３,【6】いにしえの心を受け継ぐ,漢詩の風景 ,,p158-163
中３,国語,国語３,【6】いにしえの心を受け継ぐ,律詩について ,,p164
中３,国語,国語３,【7】価値を生み出す,それでも、言葉を ,,p172-179
中３,国語,国語３,【7】価値を生み出す,漢字3 漢字のまとめ,,p180-181
中３,国語,国語３,【7】価値を生み出す,漢字に親しもう4 ,,p182
中３,国語,国語３,【7】価値を生み出す,[話し合い(進行)]話し合いを効果的に進めよう ,,p183-184
中３,国語,国語３,【7】価値を生み出す,季節のしおり 冬 ,,p185
中３,国語,国語３,【7】価値を生み出す,合意形成に向けて話し合おう 問題解決のために会議を開く,,p186-189
中３,国語,国語３,いつも本はそばに,本は世界への扉 ,,p190
中３,国語,国語３,いつも本はそばに,天、共に在り ,,p190-195
中３,国語,国語３,いつも本はそばに,極夜行 ,,p196-197
中３,国語,国語３,いつも本はそばに,読書案内 本の世界を広げよう,,p198-200
中３,国語,国語３,【8】未来に向かって,温かいスープ ,,p202-205
中３,国語,国語３,【8】未来に向かって,アラスカとの出会い ,,p206-213
中３,国語,国語３,【8】未来に向かって,律儀な桜 ,,p214-215
中３,国語,国語３,【8】未来に向かって,わたしを束ねないで ,,p216-219
中３,国語,国語３,【8】未来に向かって,三年間の歩みを振り返ろう 冊子にまとめて、発表会をする,,p220-223
中３,国語,国語３,【8】未来に向かって,初日 ,,p224-225
中３,国語,国語３,【8】未来に向かって,漢字に親しもう5 ,,p226
中３,国語,国語３,学びを深める,文法 一、二年生の復習,,p228-229
中３,国語,国語３,学びを深める,文法1 文法を生かす,,p230-232
中３,国語,国語３,学びを深める,文法2 文法のまとめ,,p233-239
中３,国語,国語３,学びを深める,小学校六年生で学習した漢字一覧 ,,p240-241
中３,国語,国語３,学びを深める,国語の力試し ,,p242-246
中３,国語,国語３,学びを深める,語彙ブック ,,p247-254
