学年,科目,テキスト名,章,単元,ページ,,,,,,,,
中１,英語,iワークプラス,Unit 0,Nice to Meet You ,p.2,,,,,,,,
中１,英語,iワークプラス,Grammar 0,重要文法の整理 ,p.3,,,,,,,,
中１,英語,iワークプラス,Unit 1－1,Hello  Everyone! ,p.4,,,,,,,,
中１,英語,iワークプラス,Unit 1－2,Hello  Everyone! ,p.5,,,,,,,,
中１,英語,iワークプラス,Unit 1－3,Hello  Everyone! ,p.6,,,,,,,,
中１,英語,iワークプラス,Unit 2－1,Our New Teacher ,p.7,,,,,,,,
中１,英語,iワークプラス,Unit 2－2,Our New Teacher ,p.8,,,,,,,,
中１,英語,iワークプラス,Grammar 1,重要文法の整理① ,p.9,,,,,,,,
中１,英語,iワークプラス,Unit 3－1,Our School ,p.10,,,,,,,,
中１,英語,iワークプラス,Unit 3－2,Our School ,p.11,,,,,,,,
中１,英語,iワークプラス,Grammar 2,重要文法の整理② ,p.12,,,,,,,,
中１,英語,iワークプラス,Unit 4－1,Friends in New Zealand ,p.13,,,,,,,,
中１,英語,iワークプラス,Unit 4－2,Friends in New Zealand ,p.14,,,,,,,,
中１,英語,iワークプラス,Unit 4－3,Friends in New Zealand ,p.15,,,,,,,,
中１,英語,iワークプラス,Grammar 3,重要文法の整理③ ,p.16,,,,,,,,
中１,英語,iワークプラス,Activity 1,"Stage Activity 1 All about Me"" Poster ",p.17,,,,,,,,
中１,英語,iワークプラス,Unit 5－1,My Brother in Hawaii ,p.18,,,,,,,,
中１,英語,iワークプラス,Unit 5－2,My Brother in Hawaii ,p.19,,,,,,,,
中１,英語,iワークプラス,Unit 5－3,My Brother in Hawaii ,p.20,,,,,,,,
中１,英語,iワークプラス,Scene 1,Real Life English Scene 1 コマーシャル ,p.21,,,,,,,,
中１,英語,iワークプラス,Grammar 4,重要文法の整理④ ,p.22,,,,,,,,
中１,英語,iワークプラス,Unit 6－1,A Rakugo Performer from the U.K. ,p.23,,,,,,,,
中１,英語,iワークプラス,Unit 6－2,A Rakugo Performer from the U.K. ,p.24,,,,,,,,
中１,英語,iワークプラス,Unit 6－3,A Rakugo Performer from the U.K. ,p.25,,,,,,,,
中１,英語,iワークプラス,Scene 2,Real Life English Scene 2 友達の家で ,p.26,,,,,,,,
中１,英語,iワークプラス,Grammar 5,重要文法の整理⑤ ,p.27,,,,,,,,
中１,英語,iワークプラス,Grammar 6,重要文法の整理⑥ ,p.28,,,,,,,,
中１,英語,iワークプラス,Grammar 7,重要文法の整理⑦ ,p.29,,,,,,,,
中１,英語,iワークプラス,Unit 7－1,An Online Tour of the U.K. ,p.30,,,,,,,,
中１,英語,iワークプラス,Unit 7－2,An Online Tour of the U.K. ,p.31,,,,,,,,
中１,英語,iワークプラス,Unit 7－3,An Online Tour of the U.K. ,p.32,,,,,,,,
中１,英語,iワークプラス,Scene 3,Real Life English Scene 3 道案内 ,p.33,,,,,,,,
中１,英語,iワークプラス,Grammar 8,重要文法の整理⑧ ,p.34,,,,,,,,
中１,英語,iワークプラス,Unit 8－1,Think Globally  Act Locally ,p.35,,,,,,,,
中１,英語,iワークプラス,Unit 8－2,Think Globally  Act Locally ,p.36,,,,,,,,
中１,英語,iワークプラス,Unit 8－3,Think Globally  Act Locally ,p.37,,,,,,,,
中１,英語,iワークプラス,Scene 4,Real Life English Scene 4 レストラン ,p.38,,,,,,,,
中１,英語,iワークプラス,Activity 2,Stage Activity 2 My Hero ,p.39,,,,,,,,
中１,英語,iワークプラス,Unit 9－1,Winter Vacation ,p.40,,,,,,,,
中１,英語,iワークプラス,Unit 9－2,Winter Vacation ,p.41,,,,,,,,
中１,英語,iワークプラス,Unit 9－3,Winter Vacation ,p.42,,,,,,,,
中１,英語,iワークプラス,Scene 5,Real Life English Scene 5 旅先からの便り ,p.43,,,,,,,,
中１,英語,iワークプラス,Grammar 7,重要文法の整理⑦ ,p.44,,,,,,,,
中１,英語,iワークプラス,Grammar 9,重要文法の整理⑨ ,p.45,,,,,,,,
中１,英語,iワークプラス,Unit 10－1,This Year's Memories ,p.46,,,,,,,,
中１,英語,iワークプラス,Unit 10－2,This Year's Memories ,p.47,,,,,,,,
中１,英語,iワークプラス,Unit 10－3,This Year's Memories ,p.48,,,,,,,,
中１,英語,iワークプラス,Scene 6,Real Life English Scene 6 病院にて ,p.49,,,,,,,,
中１,英語,iワークプラス,Grammar 8,重要文法の整理⑧ ,p.50,,,,,,,,
中１,英語,iワークプラス,Grammar 10,重要文法の整理⑩ ,p.51,,,,,,,,
中１,英語,iワークプラス,Grammar 11,重要文法の整理⑪ ,p.52,,,,,,,,
中１,英語,iワークプラス,Read 1,Let's Read 1 Learning Literature in English ,p.53,,,,,,,,
中１,英語,iワークプラス,Activity 3,Stage Activity 3 My Favorite Event This Year ,p.54,,,,,,,,
中１,英語,iワークプラス,Read 2,Let's Read 2 Gon  the Fox ,p.55,,,,,,,,
中２,国語,iワークドリル,1,アイスプラネット,p.1,,,,,,,,
中２,国語,iワークドリル,2,漢字に親しもう1,p.2,,,,,,,,
中２,国語,iワークドリル,3,枕草子,p.3,,,,,,,,
中２,国語,iワークドリル,4,クマゼミ増加の原因を探る,p.4,,,,,,,,
中２,国語,iワークドリル,5,情報整理のレッスン 思考の視覚化,p.5,,,,,,,,
中２,国語,iワークドリル,6,漢字1 熟語の構成,p.6,,,,,,,,
中２,国語,iワークドリル,7,漢字に親しもう2,p.7,,,,,,,,
中２,国語,iワークドリル,8,短歌に親しむ,p.8,,,,,,,,
中２,国語,iワークドリル,9,言葉の力,p.9,,,,,,,,
中２,国語,iワークドリル,10,言葉1 類義語・対義語・多義語,p.10,,,,,,,,
中２,国語,iワークドリル,11,語彙を豊かに,p.11,,,,,,,,
中２,国語,iワークドリル,12,メディアの特徴を生かして情報を集めよう,p.12,,,,,,,,
中２,国語,iワークドリル,13,翻訳作品を読み比べよう,p.13,,,,,,,,
中２,国語,iワークドリル,14,ヒューマノイド,p.14,,,,,,,,
中２,国語,iワークドリル,15,字のない葉書,p.15,,,,,,,,
中２,国語,iワークドリル,16,言葉2 敬語,p.16,,,,,,,,
中２,国語,iワークドリル,17,漢字2 同じ訓・同じ音をもつ漢字,p.17,,,,,,,,
中２,国語,iワークドリル,18,漢字に親しもう3,p.18,,,,,,,,
中２,国語,iワークドリル,19,モアイは語る ―― 地球の未来,p.19,,,,,,,,
中２,国語,iワークドリル,20,思考のレッスン1 根拠の吟味,p.20,,,,,,,,
中２,国語,iワークドリル,21,月夜の浜辺,p.21,,,,,,,,
中２,国語,iワークドリル,22,扇の的 ―― 「平家物語」から,p.22,,,,,,,,
中２,国語,iワークドリル,23,仁和寺にある法師 ―― 「徒然草」から,p.23,,,,,,,,
中２,国語,iワークドリル,24,漢詩の風景,p.24,,,,,,,,
中２,国語,iワークドリル,25,君は「最後の晩餐」を知っているか,p.25,,,,,,,,
中２,国語,iワークドリル,26,思考のレッスン2 具体と抽象,p.26,,,,,,,,
中２,国語,iワークドリル,27,漢字に親しもう4,p.27,,,,,,,,
中２,国語,iワークドリル,28,「自分らしさ」を認め合う社会へ,p.28,,,,,,,,
中２,国語,iワークドリル,29,走れメロス,p.29,,,,,,,,
中２,国語,iワークドリル,30,漢字に親しもう5,p.30,,,,,,,,
中２,国語,iワークドリル,31,漢字3 送り仮名,p.31,,,,,,,,
中２,国語,iワークプラス,第1部-1,アイスプラネット／漢字に親しもう1,p.2,,,,,,,,
中２,国語,iワークプラス,第1部-2,漢字に親しもう1／枕草子／クマゼミ増加の原因を探る,p.3,,,,,,,,
中２,国語,iワークプラス,第1部-3,クマゼミ増加の原因を探る／情報整理のレッスン 思考の視覚化／漢字1 熟語の構成,p.4,,,,,,,,
中２,国語,iワークプラス,第1部-4,漢字1 熟語の構成／漢字に親しもう2,p.5,,,,,,,,
中２,国語,iワークプラス,第1部-5,漢字に親しもう2／短歌に親しむ／言葉の力／言葉1 類義語・対義語・多義語,p.6,,,,,,,,
中２,国語,iワークプラス,第1部-6,言葉1 類義語・対義語・多義語／語彙を豊かに／メディアの特徴を生かして情報を集めよう／翻訳作品を読み比べよう／ヒューマノイド,p.7,,,,,,,,
中２,国語,iワークプラス,第1部-7,ヒューマノイド／字のない葉書,p.8,,,,,,,,
中２,国語,iワークプラス,第1部-8,言葉2 敬語／漢字2 同じ訓・同じ音をもつ漢字,p.9,,,,,,,,
中２,国語,iワークプラス,第1部-9,漢字2 同じ訓・同じ音をもつ漢字／漢字に親しもう3／モアイは語る――地球の未来,p.10,,,,,,,,
中２,国語,iワークプラス,第1部-10,モアイは語る――地球の未来／思考のレッスン1 根拠の吟味／月夜の浜辺,p.11,,,,,,,,
中２,国語,iワークプラス,第1部-11,扇の的――「平家物語」から／仁和寺にある法師――「徒然草」から／漢詩の風景,p.12,,,,,,,,
中２,国語,iワークプラス,第1部-12,漢詩の風景／君は「最後の晩餐」を知っているか／思考のレッスン2 具体と抽象／漢字に親しもう4,p.13,,,,,,,,
中２,国語,iワークプラス,第1部-13,漢字に親しもう4,p.14,,,,,,,,
中２,国語,iワークプラス,第1部-14,「自分らしさ」を認め合う社会へ／走れメロス,p.15,,,,,,,,
中２,国語,iワークプラス,第1部-15,走れメロス／漢字に親しもう5,p.16,,,,,,,,
中２,国語,iワークプラス,第1部-16,漢字3 送り仮名,p.17,,,,,,,,
中２,国語,iワークプラス,第2部-1,見えないだけ,p.18,,,,,,,,
中２,国語,iワークプラス,第2部-2,アイスプラネット,p.20,,,,,,,,
中２,国語,iワークプラス,第2部-3,枕草子,p.24,,,,,,,,
中２,国語,iワークプラス,第2部-4,クマゼミ増加の原因を探る,p.28,,,,,,,,
中２,国語,iワークプラス,第2部-5,短歌に親しむ／短歌を味わう,p.32,,,,,,,,
中２,国語,iワークプラス,第2部-6,言葉の力,p.36,,,,,,,,
中２,国語,iワークプラス,第2部-7,デジタル市民として生きる,p.40,,,,,,,,
中２,国語,iワークプラス,第2部-8,「わからない」は人生の宝物,p.44,,,,,,,,
中２,国語,iワークプラス,第2部-9,ヒューマノイド,p.48,,,,,,,,
中２,国語,iワークプラス,第2部-10,字のない葉書,p.52,,,,,,,,
中２,国語,iワークプラス,第2部-11,モアイは語る――地球の未来,p.56,,,,,,,,
中２,国語,iワークプラス,第2部-12,月夜の浜辺,p.60,,,,,,,,
中２,国語,iワークプラス,第2部-13,扇の目――「平家物語」から,p.62,,,,,,,,
中２,国語,iワークプラス,第2部-14,仁和寺にある法師――「徒然草」から,p.64,,,,,,,,
中２,国語,iワークプラス,第2部-15,漢詩の風景,p.66,,,,,,,,
中２,国語,iワークプラス,第2部-16,君は「最後の晩餐」を知っているか,p.70,,,,,,,,
中２,国語,iワークプラス,第2部-17,「自分らしさ」を認め合う社会へ① 父と話せば,p.74,,,,,,,,
中２,国語,iワークプラス,第2部-18,「自分らしさ」を認め合う社会へ② 六千回のトライの先に,p.76,,,,,,,,
中２,国語,iワークプラス,第2部-19,走れメロス,p.80,,,,,,,,
中２,国語,iワークプラス,第2部-20,鍵,p.84,,,,,,,,
中２,国語,iワークプラス,第2部-21,盆土産,p.86,,,,,,,,
中２,国語,iワークプラス,第2部-22,形,p.90,,,,,,,,
中２,国語,iワークプラス,第2部-23,敦盛の最期――「平家物語」から,p.94,,,,,,,,
中２,社会,地理ノート,◆,世界地理の復習,p.2,,,,,,,,
中２,社会,地理ノート,1,地域調査の手法,p.4,,,,,,,,
中２,社会,地理ノート,2,日本の地域的特色①,p.6,,,,,,,,
中２,社会,地理ノート,3,日本の地域的特色②,p.8,,,,,,,,
中２,社会,地理ノート,4,九州地方,p.10,,,,,,,,
中２,社会,地理ノート,5,中国・四国地方,p.12,,,,,,,,
中２,社会,地理ノート,6,近畿地方,p.14,,,,,,,,
中２,社会,地理ノート,7,中部地方,p.16,,,,,,,,
中２,社会,地理ノート,8,関東地方,p.18,,,,,,,,
中２,社会,地理ノート,9,東北地方,p.20,,,,,,,,
中２,社会,地理ノート,10,北海道地方,p.22,,,,,,,,
中２,社会,地理プラス,◆,世界地理の復習,p.4～9,,,,,,,,
中２,社会,地理プラス,1,地域調査の手法,p.10～15,,,,,,,,
中２,社会,地理プラス,2,日本の地域的特色①,p.16～21,,,,,,,,
中２,社会,地理プラス,3,日本の地域的特色②,p.24～29,,,,,,,,
中２,社会,地理プラス,4,九州地方,p.36～41,,,,,,,,
中２,社会,地理プラス,5,中国・四国地方,p.42～47,,,,,,,,
中２,社会,地理プラス,6,近畿地方,p.54～59,,,,,,,,
中２,社会,地理プラス,7,中部地方,p.60～65,,,,,,,,
中２,社会,地理プラス,8,関東地方,p.66～71,,,,,,,,
中２,社会,地理プラス,9,東北地方,p.78～83,,,,,,,,
中２,社会,地理プラス,10,北海道地方,p.84～89,,,,,,,,
中２,社会,歴史ノート,◆,応仁の乱と室町文化,p.2,,,,,,,,
中２,社会,歴史ノート,1,世界との出会い,p.2,,,,,,,,
中２,社会,歴史ノート,2,全国統一,p.4,,,,,,,,
中２,社会,歴史ノート,3,江戸幕府の成立と鎖国,p.6,,,,,,,,
中２,社会,歴史ノート,4,江戸時代の産業と元禄文化,p.8,,,,,,,,
中２,社会,歴史ノート,5,幕政の改革と化政文化,p.10,,,,,,,,
中２,社会,歴史ノート,6,欧米諸国の近代革命,p.12,,,,,,,,
中２,社会,歴史ノート,7,開国と江戸幕府の滅亡,p.14,,,,,,,,
中２,社会,歴史ノート,8,明治維新,p.16,,,,,,,,
中２,社会,歴史ノート,9,立憲制国家の成立,p.18,,,,,,,,
中２,社会,歴史ノート,10,日清・日露戦争,p.20,,,,,,,,
中２,社会,歴史ノート,11,東アジア情勢と近代産業の発達,p.22,,,,,,,,
中２,社会,歴史ノート,12,第一次世界大戦とアジア,p.24,,,,,,,,
中２,社会,歴史ノート,13,大正デモクラシーと新しい文化,p.26,,,,,,,,
中２,社会,歴史ノート,14,世界恐慌と日中戦争,p.28,,,,,,,,
中２,社会,歴史ノート,15,第二次世界大戦とアジア,p.30,,,,,,,,
中２,社会,歴史ノート,16,日本の民主化と独立,p.32,,,,,,,,
中２,社会,歴史ノート,17,日本の発展と国際社会,p.34,,,,,,,,
中２,社会,歴史ノート,18,これからの日本と世界,p.36,,,,,,,,
中２,社会,歴史プラス,◆,応仁の乱と室町文化,p.4-9,,,,,,,,
中２,社会,歴史プラス,1,世界との出会い,p.10-15,,,,,,,,
中２,社会,歴史プラス,2,全国統一,p.16-21,,,,,,,,
中２,社会,歴史プラス,3,江戸幕府の成立と鎖国,p.24-29,,,,,,,,
中２,社会,歴史プラス,4,江戸時代の産業と元禄文化,p.30-35,,,,,,,,
中２,社会,歴史プラス,5,幕政の改革と化政文化,p.38-43,,,,,,,,
中２,社会,歴史プラス,6,欧米諸国の近代革命,p.46-51,,,,,,,,
中２,社会,歴史プラス,7,開国と江戸幕府の滅亡,p.52-57,,,,,,,,
中２,社会,歴史プラス,8,明治維新,p.60-65,,,,,,,,
中２,社会,歴史プラス,9,立憲制国家の成立,p.66-71,,,,,,,,
中２,社会,歴史プラス,10,日清・日露戦争,p.74-79,,,,,,,,
中２,社会,歴史プラス,11,東アジア情勢と近代産業の発達,p.80-85,,,,,,,,
中２,社会,歴史プラス,12,第一次世界大戦とアジア,p.88-93,,,,,,,,
中２,社会,歴史プラス,13,大正デモクラシーと新しい文化,p.94-99,,,,,,,,
中２,社会,歴史プラス,14,世界恐慌と日中戦争,p.102-107,,,,,,,,
中２,社会,歴史プラス,15,第二次世界大戦とアジア,p.108-113,,,,,,,,
中２,社会,歴史プラス,16,日本の民主化と独立,p.116-127,,,,,,,,
中２,社会,歴史プラス,17,日本の発展と国際社会,p.122-127,,,,,,,,
中２,社会,歴史プラス,18,これからの日本と世界,p.130-135,,,,,,,,
中２,数学,iワークドリル,1,式の計算1 同類項,p.4,,,,,,,,
中２,数学,iワークドリル,2,式の計算2 式の加減,p.5,,,,,,,,
中２,数学,iワークドリル,3,式の計算3 単項式どうしの乗除,p.6,,,,,,,,
中２,数学,iワークドリル,4,式の計算4 数と多項式の乗除,p.7,,,,,,,,
中２,数学,iワークドリル,5,式の計算5 分配法則,p.8,,,,,,,,
中２,数学,iワークドリル,6,式の計算の利用1 式の値,p.9,,,,,,,,
中２,数学,iワークドリル,7,式の計算の利用2 等式変形,p.10,,,,,,,,
中２,数学,iワークドリル,8,式の計算の利用3 文字による説明,p.11,,,,,,,,
中２,数学,iワークドリル,9,連立方程式の解法1 加減法1,p.12,,,,,,,,
中２,数学,iワークドリル,10,連立方程式の解法2 加減法2,p.13,,,,,,,,
中２,数学,iワークドリル,11,連立方程式の解法3 代入法,p.14,,,,,,,,
中２,数学,iワークドリル,12,連立方程式の解法4 かっこをふくむ方程式,p.15,,,,,,,,
中２,数学,iワークドリル,13,連立方程式の解法5 分数・小数をふくむ方程式,p.16,,,,,,,,
中２,数学,iワークドリル,14,連立方程式の解法6 A=B=Cの形の方程式,p.17,,,,,,,,
中２,数学,iワークドリル,15,連立方程式の解と定数,p.18,,,,,,,,
中２,数学,iワークドリル,16,連立方程式の利用1 数量1,p.19,,,,,,,,
中２,数学,iワークドリル,17,連立方程式の利用2 数量2,p.20,,,,,,,,
中２,数学,iワークドリル,18,連立方程式の利用3 速さ1,p.21,,,,,,,,
中２,数学,iワークドリル,19,連立方程式の利用4 速さ2,p.22,,,,,,,,
中２,数学,iワークドリル,20,連立方程式の利用5 割合,p.23,,,,,,,,
中２,数学,iワークドリル,21,1次関数,p.24,,,,,,,,
中２,数学,iワークドリル,22,1次関数のグラフ1 グラフのかき方,p.25,,,,,,,,
中２,数学,iワークドリル,23,1次関数のグラフ2 グラフと変域,p.26,,,,,,,,
中２,数学,iワークドリル,24,1次関数を求める1 傾きと切片,p.27,,,,,,,,
中２,数学,iワークドリル,25,1次関数を求める2 1点の座標と傾き,p.28,,,,,,,,
中２,数学,iワークドリル,26,1次関数を求める3 1点の座標と切片,p.29,,,,,,,,
中２,数学,iワークドリル,27,1次関数を求める4 2点の座標,p.30,,,,,,,,
中２,数学,iワークドリル,28,2元1次方程式のグラフ,p.31,,,,,,,,
中２,数学,iワークドリル,29,連立方程式の解とグラフ,p.32,,,,,,,,
中２,数学,iワークドリル,30,1次関数の利用1 身のまわりの1次関数,p.33,,,,,,,,
中２,数学,iワークドリル,31,1次関数の利用2 速さ,p.34,,,,,,,,
中２,数学,iワークドリル,32,1次関数の利用3 点の移動,p.35,,,,,,,,
中２,数学,iワークドリル,33,1次関数の利用4 水量変化,p.36,,,,,,,,
中２,数学,iワークドリル,34,平行線と多角形1 平行線と角,p.37,,,,,,,,
中２,数学,iワークドリル,35,平行線と多角形2 三角形の内角と外角,p.38,,,,,,,,
中２,数学,iワークドリル,36,平行線と多角形3 多角形の内角と外角,p.39,,,,,,,,
中２,数学,iワークドリル,37,平行線と角の応用,p.40,,,,,,,,
中２,数学,iワークドリル,38,多角形の角の応用,p.41,,,,,,,,
中２,数学,iワークドリル,39,合同な図形,p.42,,,,,,,,
中２,数学,iワークドリル,40,三角形の合同条件,p.43,,,,,,,,
中２,数学,iワークドリル,41,証明のしくみ,p.44,,,,,,,,
中２,数学,iワークドリル,42,合同と証明1,p.45,,,,,,,,
中２,数学,iワークドリル,43,合同と証明2,p.46,,,,,,,,
中２,数学,iワークドリル,44,二等辺三角形の性質,p.47,,,,,,,,
中２,数学,iワークドリル,45,二等辺三角形になる条件,p.48,,,,,,,,
中２,数学,iワークドリル,46,直角三角形,p.49,,,,,,,,
中２,数学,iワークドリル,47,直角三角形の合同の利用、逆,p.50,,,,,,,,
中２,数学,iワークドリル,48,平行四辺形の性質,p.51,,,,,,,,
中２,数学,iワークドリル,49,平行四辺形の性質の利用,p.52,,,,,,,,
中２,数学,iワークドリル,50,平行四辺形になる条件,p.53,,,,,,,,
中２,数学,iワークドリル,51,平行四辺形になることの証明,p.54,,,,,,,,
中２,数学,iワークドリル,52,長方形・ひし形・正方形の性質,p.55,,,,,,,,
中２,数学,iワークドリル,53,長方形・ひし形・正方形の性質の利用,p.56,,,,,,,,
中２,数学,iワークドリル,54,長方形・ひし形・正方形になる条件,p.57,,,,,,,,
中２,数学,iワークドリル,55,平行線と面積,p.58,,,,,,,,
中２,数学,iワークドリル,56,確率,p.59,,,,,,,,
中２,数学,iワークドリル,57,樹形図,p.60,,,,,,,,
中２,数学,iワークドリル,58,確率の利用1 いろいろな確率,p.61,,,,,,,,
中２,数学,iワークドリル,59,確率の利用2 式や図形への利用,p.62,,,,,,,,
中２,数学,iワークドリル,60,データの分布,p.63,,,,,,,,
中２,数学,iワークプラス,1,式の計算,p.4-9,,,,,,,,
中２,数学,iワークプラス,2,式の計算の利用,p.10-15,,,,,,,,
中２,数学,iワークプラス,3,連立方程式の解法,p.18-23,,,,,,,,
中２,数学,iワークプラス,4,連立方程式の利用,p.24-29,,,,,,,,
中２,数学,iワークプラス,5,1次関数,p.136-41,,,,,,,,
中２,数学,iワークプラス,6,1次関数のグラフ,p.42-47,,,,,,,,
中２,数学,iワークプラス,7,1次関数を求める,p.50-55,,,,,,,,
中２,数学,iワークプラス,8,方程式とグラフ,p.56-61,,,,,,,,
中２,数学,iワークプラス,9,1次関数の利用,p.64-69,,,,,,,,
中２,数学,iワークプラス,10,平行線と多角形,p.76-81,,,,,,,,
中２,数学,iワークプラス,11,合同な図形,p.82-87,,,,,,,,
中２,数学,iワークプラス,12,三角形の性質,p.90-95,,,,,,,,
中２,数学,iワークプラス,13,四角形の性質,p.96-101,,,,,,,,
中２,数学,iワークプラス,14,確率,p.108-113,,,,,,,,
中２,数学,iワークプラス,15,確率の利用,p.114-119,,,,,,,,
中２,数学,iワークプラス,16,データの分布,p.126-131,,,,,,,,
中２,理科,iワークノート,1,物質の成り立ち,p.4,,,,,,,,
中２,理科,iワークノート,2,物質の表し方,p.5,,,,,,,,
中２,理科,iワークノート,3,化学変化,p.6,,,,,,,,
中２,理科,iワークノート,4,化学反応式,p.7,,,,,,,,
中２,理科,iワークノート,5,酸化と還元,p.8,,,,,,,,
中２,理科,iワークノート,6,化学変化と熱,p.9,,,,,,,,
中２,理科,iワークノート,7,化学変化に関係する物質の質量の割合,p.10,,,,,,,,
中２,理科,iワークノート,8,植物の細胞とつくり,p.11,,,,,,,,
中２,理科,iワークノート,9,植物の光合成,p.12,,,,,,,,
中２,理科,iワークノート,10,植物の呼吸と蒸散,p.13,,,,,,,,
中２,理科,iワークノート,11,植物のからだのつくりと働き,p.14,,,,,,,,
中２,理科,iワークノート,12,動物の細胞と消化・吸収,p.15,,,,,,,,
中２,理科,iワークノート,13,呼吸と血液の循環,p.16,,,,,,,,
中２,理科,iワークノート,14,排出の仕組みと感覚器官,p.17,,,,,,,,
中２,理科,iワークノート,15,神経系と刺激・反応、骨格と筋肉,p.18,,,,,,,,
中２,理科,iワークノート,16,生物の変遷と進化,p.19,,,,,,,,
中２,理科,iワークノート,17,気象観測と天気の変化,p.20,,,,,,,,
中２,理科,iワークノート,18,空気中の水蒸気の変化,p.21,,,,,,,,
中２,理科,iワークノート,19,前線の通過と天気の変化,p.22,,,,,,,,
中２,理科,iワークノート,20,日本の気象,p.23,,,,,,,,
中２,理科,iワークノート,21,電気回路,p.24,,,,,,,,
中２,理科,iワークノート,22,電圧と電流の関係,p.25,,,,,,,,
中２,理科,iワークノート,23,回路の抵抗,p.26,,,,,,,,
中２,理科,iワークノート,24,電力量と熱量,p.27,,,,,,,,
中２,理科,iワークノート,25,静電気と放電,p.28,,,,,,,,
中２,理科,iワークノート,26,磁界と電流,p.29,,,,,,,,
中２,理科,iワークノート,27,電磁誘導と発電,p.30,,,,,,,,
中２,理科,iワークノート,28,直流と交流,p.31,,,,,,,,
中２,理科,iワークプラス,1,いろいろな生物とその共通点,p.4～7,,,,,,,,
中２,理科,iワークプラス,2,活きている地球,p.8～11,,,,,,,,
中２,理科,iワークプラス,3,身のまわりの物質,p.12～15,,,,,,,,
中２,理科,iワークプラス,4,光・音・力による現象,p.16～19,,,,,,,,
中２,理科,iワークプラス,5,生物の体をつくるもの,p.20～23,,,,,,,,
中２,理科,iワークプラス,6,光合成と呼吸,p.24～27,,,,,,,,
中２,理科,iワークプラス,7,根と茎のつくり,p.30～33,,,,,,,,
中２,理科,iワークプラス,8,葉のつくりとはたらき,p.34～37,,,,,,,,
中２,理科,iワークプラス,9,栄養分をとり入れるしくみ,p.40～43,,,,,,,,
中２,理科,iワークプラス,10,動物の呼吸,p.44～47,,,,,,,,
中２,理科,iワークプラス,11,動物の行動のしくみ,p.48～51,,,,,,,,
中２,理科,iワークプラス,12,大気の中ではたらく力,p.72～75,,,,,,,,
中２,理科,iワークプラス,13,気象観測,p.76～79,,,,,,,,
中２,理科,iワークプラス,14,雲のでき方,p.82～85,,,,,,,,
中２,理科,iワークプラス,15,空気中にふくまれる水蒸気の量,p.86～89,,,,,,,,
中２,理科,iワークプラス,16,気圧配置と天気の変化,p.94～97,,,,,,,,
中２,理科,iワークプラス,17,大気の動き,p.98～101,,,,,,,,
中２,理科,iワークプラス,18,日本の天気,p.104～107,,,,,,,,
中２,理科,iワークプラス,19,物質の分解,p.124～127,,,,,,,,
中２,理科,iワークプラス,20,物質の成り立ち,p.128～131,,,,,,,,
中２,理科,iワークプラス,21,物質どうしが結びつく変化,p.136～139,,,,,,,,
中２,理科,iワークプラス,22,酸化と還元,p.140～143,,,,,,,,
中２,理科,iワークプラス,23,化学変化と熱の出入り,p.144～147,,,,,,,,
中２,理科,iワークプラス,24,化学変化の前後での物質の質量,p.152～155,,,,,,,,
中２,理科,iワークプラス,25,反応する物質どうしの質量の割合,p.156～159,,,,,,,,
中２,理科,iワークプラス,26,回路と電流・電圧,p.180～183,,,,,,,,
中２,理科,iワークプラス,27,電圧と電流の関係,p.186～189,,,,,,,,
中２,理科,iワークプラス,28,電流のはたらきを表す量,p.192～195,,,,,,,,
中２,理科,iワークプラス,29,電流の正体,p.200～203,,,,,,,,
中２,理科,iワークプラス,30,電流がつくる磁界,p.204～207,,,,,,,,
中２,理科,iワークプラス,31,発電機のしくみ,p.208～211,,,,,,,,
中２,英語,iワークプラス,Unit 0,My Vacation,p.2,,,,,,,,
中２,英語,iワークプラス,Grammar 0,重要文法の整理,p.3,,,,,,,,
中２,英語,iワークプラス,Unit 1－1,A Trip to Ireland,p.4,,,,,,,,
中２,英語,iワークプラス,Unit 1－2,A Trip to Ireland,p.5,,,,,,,,
中２,英語,iワークプラス,Unit 1－3,A Trip to Ireland,p.6,,,,,,,,
中２,英語,iワークプラス,Scene 1,Real Life English Scene 1 駅で,p.7,,,,,,,,
中２,英語,iワークプラス,Grammar 1,重要文法の整理①,p.8,,,,,,,,
中２,英語,iワークプラス,Unit 2－1,Food around the World,p.10,,,,,,,,
中２,英語,iワークプラス,Unit 2－2,Food around the World,p.11,,,,,,,,
中２,英語,iワークプラス,Unit 2－3,Food around the World,p.12,,,,,,,,
中２,英語,iワークプラス,Scene 2,Real Life English Scene 2 レストランで,p.13,,,,,,,,
中２,英語,iワークプラス,Grammar 2,重要文法の整理②,p.14,,,,,,,,
中２,英語,iワークプラス,Unit 3－1,My Future Job,p.16,,,,,,,,
中２,英語,iワークプラス,Unit 3－2,My Future Job,p.17,,,,,,,,
中２,英語,iワークプラス,Unit 3－3,My Future Job,p.18,,,,,,,,
中２,英語,iワークプラス,Activity 1,Stage Activity 1,p.19,,,,,,,,
中２,英語,iワークプラス,Grammar 3,重要文法の整理③,p.20,,,,,,,,
中２,英語,iワークプラス,Unit 4－1,Homestay in the United States,p.22,,,,,,,,
中２,英語,iワークプラス,Unit 4－2,Homestay in the United States,p.23,,,,,,,,
中２,英語,iワークプラス,Unit 4－3,Homestay in the United States,p.24,,,,,,,,
中２,英語,iワークプラス,Scene 3,Real Life English Scene 3 家の中で,p.25,,,,,,,,
中２,英語,iワークプラス,Grammar 4,重要文法の整理④,p.26,,,,,,,,
中２,英語,iワークプラス,Unit 5－1,Universal Design,p.28,,,,,,,,
中２,英語,iワークプラス,Unit 5－2,Universal Design,p.29,,,,,,,,
中２,英語,iワークプラス,Unit 5－3,Universal Design,p.30,,,,,,,,
中２,英語,iワークプラス,Scene 4,Real Life English Scene 4 街の中で,p.31,,,,,,,,
中２,英語,iワークプラス,Grammar 5,重要文法の整理⑤,p.32,,,,,,,,
中２,英語,iワークプラス,Unit 6－1,Research Your Topic,p.34,,,,,,,,
中２,英語,iワークプラス,Unit 6－2,Research Your Topic,p.35,,,,,,,,
中２,英語,iワークプラス,Unit 6－3,Research Your Topic,p.36,,,,,,,,
中２,英語,iワークプラス,Activity 2,Stage Activity 2,p.37,,,,,,,,
中２,英語,iワークプラス,Grammar 6,重要文法の整理⑥,p.38,,,,,,,,
中２,英語,iワークプラス,Unit 7－1,World Heritage Sites,p.40,,,,,,,,
中２,英語,iワークプラス,Unit 7－2,World Heritage Sites,p.41,,,,,,,,
中２,英語,iワークプラス,Unit 7－3,World Heritage Sites,p.42,,,,,,,,
中２,英語,iワークプラス,Scene 5,Real Life English Scene 5 学校の保健室で,p.43,,,,,,,,
中２,英語,iワークプラス,Grammar 7,重要文法の整理⑦,p.44,,,,,,,,
中２,英語,iワークプラス,Unit 8－1,My Favorite Book,p.46,,,,,,,,
中２,英語,iワークプラス,Unit 8－2,My Favorite Book,p.47,,,,,,,,
中２,英語,iワークプラス,Unit 8－3,My Favorite Book,p.48,,,,,,,,
中２,英語,iワークプラス,Activity 3,Stage Activity 3,p.49,,,,,,,,
中２,英語,iワークプラス,Grammar 8,重要文法の整理⑧,p.50,,,,,,,,
中２,英語,iワークプラス,Read 1,Let's Read 1 History of Clocks,p.52,,,,,,,,
中２,英語,iワークプラス,Read 2,Let's Read 2 A Christmas Carol,p.54,,,,,,,,
中３,英語,iワークプラス,Unit 0,Unit 0,p.2,,,,,,,,
中３,英語,iワークプラス,Grammar 0,重要文法の整理,p.3,,,,,,,,
中３,英語,iワークプラス,Unit 1－1,Unit 1 - ①,p.4,,,,,,,,
中３,英語,iワークプラス,Unit 1－2,Unit 1 - ②,p.5,,,,,,,,
中３,英語,iワークプラス,Unit 1－3,Unit 1 - ③,p.6,,,,,,,,
中３,英語,iワークプラス,Unit 1－4,Unit 1 - ④,p.7,,,,,,,,
中３,英語,iワークプラス,Activity 1－1,言語活動 1 - ①,p.8,,,,,,,,
中３,英語,iワークプラス,Activity 1－2,言語活動 1 - ②,p.9,,,,,,,,
中３,英語,iワークプラス,Grammar 1,重要文法の整理①,p.10,,,,,,,,
中３,英語,iワークプラス,Unit 2－1,Unit 2 - ①,p.12,,,,,,,,
中３,英語,iワークプラス,Unit 2－2,Unit 2 - ②,p.13,,,,,,,,
中３,英語,iワークプラス,Unit 2－3,Unit 2 - ③,p.14,,,,,,,,
中３,英語,iワークプラス,Unit 2－4,Unit 2 - ④,p.15,,,,,,,,
中３,英語,iワークプラス,Activity 2－1,言語活動 2 - ①,p.16,,,,,,,,
中３,英語,iワークプラス,Activity 2－2,言語活動 2 - ②,p.17,,,,,,,,
中３,英語,iワークプラス,Grammar 2,重要文法の整理②,p.18,,,,,,,,
中３,英語,iワークプラス,Unit 3－1,Unit 3 - ①,p.20,,,,,,,,
中３,英語,iワークプラス,Unit 3－2,Unit 3 - ②,p.21,,,,,,,,
中３,英語,iワークプラス,Unit 3－3,Unit 3 - ③,p.22,,,,,,,,
中３,英語,iワークプラス,Unit 3－4,Unit 3 - ④,p.23,,,,,,,,
中３,英語,iワークプラス,Activity 3－1,言語活動 3 - ①,p.24,,,,,,,,
中３,英語,iワークプラス,Activity 3－2,言語活動 3 - ②,p.25,,,,,,,,
中３,英語,iワークプラス,Activity 3－3,言語活動 3 - ③,p.26,,,,,,,,
中３,英語,iワークプラス,Activity 3－4,言語活動 3 - ④,p.27,,,,,,,,
中３,英語,iワークプラス,Activity 3－5,言語活動 3 - ⑤,p.28,,,,,,,,
中３,英語,iワークプラス,Activity 3－6,言語活動 3 - ⑥,p.29,,,,,,,,
中３,英語,iワークプラス,Grammar 3,重要文法の整理③,p.30,,,,,,,,
中３,英語,iワークプラス,Unit 4－1,Unit 4 - ①,p.32,,,,,,,,
中３,英語,iワークプラス,Unit 4－2,Unit 4 - ②,p.33,,,,,,,,
中３,英語,iワークプラス,Unit 4－3,Unit 4 - ③,p.34,,,,,,,,
中３,英語,iワークプラス,Unit 4－4,Unit 4 - ④,p.35,,,,,,,,
中３,英語,iワークプラス,Activity 4－1,言語活動 4 - ①,p.36,,,,,,,,
中３,英語,iワークプラス,Activity 4－2,言語活動 4 - ②,p.37,,,,,,,,
中３,英語,iワークプラス,Grammar 4,重要文法の整理④,p.38,,,,,,,,
中３,英語,iワークプラス,Unit 5－1,Unit 5 - ①,p.40,,,,,,,,
中３,英語,iワークプラス,Unit 5－2,Unit 5 - ②,p.41,,,,,,,,
中３,英語,iワークプラス,Unit 5－3,Unit 5 - ③,p.42,,,,,,,,
中３,英語,iワークプラス,Unit 5－4,Unit 5 - ④,p.43,,,,,,,,
中３,英語,iワークプラス,Activity 5－1,言語活動 5 - ①,p.44,,,,,,,,
中３,英語,iワークプラス,Activity 5－2,言語活動 5 - ②,p.45,,,,,,,,
中３,英語,iワークプラス,Activity 5－3,言語活動 5 - ③,p.46,,,,,,,,
中３,英語,iワークプラス,Grammar 5,重要文法の整理⑤,p.47,,,,,,,,
中３,英語,iワークプラス,Unit 6－1,Unit 6 - ①,p.48,,,,,,,,
中３,英語,iワークプラス,Unit 6－2,Unit 6 - ②,p.49,,,,,,,,
中３,英語,iワークプラス,Unit 6－3,Unit 6 - ③,p.50,,,,,,,,
中３,英語,iワークプラス,Unit 6－4,Unit 6 - ④,p.51,,,,,,,,
中３,英語,iワークプラス,Activity 6－1,言語活動 6 - ①,p.52,,,,,,,,
中３,英語,iワークプラス,Activity 6－2,言語活動 6 - ②,p.53,,,,,,,,
中３,英語,iワークプラス,Activity 6－3,言語活動 6 - ③,p.54,,,,,,,,
中３,英語,iワークプラス,Activity 6－4,言語活動 6 - ④,p.55,,,,,,,,
中３,英語,iワークプラス,Grammar 6,重要文法の整理⑥,p.56,,,,,,,,
中３,国語,iワークプラス,第1部-1,握手／漢字に親しもう1,p.2,,,,,,,,
中３,国語,iワークプラス,第1部-2,漢字に親しもう1／学びて時に之を習ふ―「論語」から／作られた「物語」を超えて／漢字1 熟語の読み方,p.3,,,,,,,,
中３,国語,iワークプラス,第1部-3,漢字1 熟語の読み方／漢字に親しもう2,p.4,,,,,,,,
中３,国語,iワークプラス,第1部-4,漢字に親しもう2／俳句の可能性／言葉の釣り糸を垂らす／言葉2 和語・漢語・外来語／実用的な文章を読もう／報道文を比較して読もう,p.5,,,,,,,,
中３,国語,iワークプラス,第1部-5,実用的な文章を読もう／報道文を比較して読もう／故郷／言葉3 慣用句・ことわざ・故事成語,p.6,,,,,,,,
中３,国語,iワークプラス,第1部-6,言葉3 慣用句・ことわざ・故事成語／漢字2 漢字の造語力,p.7,,,,,,,,
中３,国語,iワークプラス,第1部-7,漢字2 漢字の造語力／複数の意見を読んで、考えよう／漢字に親しもう3,p.8,,,,,,,,
中３,国語,iワークプラス,第1部-8,漢字に親しもう3／君待つと―万葉・古今・新古今／夏草―「おくのほそ道」から／漢字3 漢字のまとめ,p.9,,,,,,,,
中３,国語,iワークプラス,第1部-9,漢字3 漢字のまとめ／漢字に親しもう4,p.10,,,,,,,,
中３,国語,iワークプラス,第1部-10,漢字に親しもう4／本は世界への扉／アラスカとの出会い／わたしを束ねないで／漢字に親しもう5,p.11,,,,,,,,
中３,国語,iワークプラス,第1部-11,漢字に親しもう5／常用漢字表について,p.12,,,,,,,,
中３,国語,iワークプラス,第1部-12,常用漢字表について,p.13,,,,,,,,
中３,国語,iワークプラス,第1部-13,常用漢字表について,p.14,,,,,,,,
中３,国語,iワークプラス,第2部-1,世界はうつくしいと,p.16,,,,,,,,
中３,国語,iワークプラス,第2部-2,握手,p.18,,,,,,,,
中３,国語,iワークプラス,第2部-3,学びて時に之を習ふ―「論語」から,p.22,,,,,,,,
中３,国語,iワークプラス,第2部-4,作られた「物語」を超えて,p.26,,,,,,,,
中３,国語,iワークプラス,第2部-5,俳句の可能性,p.30,,,,,,,,
中３,国語,iワークプラス,第2部-6,俳句を味わう,p.34,,,,,,,,
中３,国語,iワークプラス,第2部-7,言葉の釣り糸を垂らす,p.36,,,,,,,,
中３,国語,iワークプラス,第2部-8,「私の一冊」を探しにいこう,p.40,,,,,,,,
中３,国語,iワークプラス,第2部-9,挨拶――原爆の写真によせて,p.44,,,,,,,,
中３,国語,iワークプラス,第2部-10,故郷,p.46,,,,,,,,
中３,国語,iワークプラス,第2部-11,複数の意見を読んで、考えよう,p.50,,,,,,,,
中３,国語,iワークプラス,第2部-12,初恋,p.54,,,,,,,,
中３,国語,iワークプラス,第2部-13,古今和歌集 仮名序／君待つと―万葉・古今・新古今,p.56,,,,,,,,
中３,国語,iワークプラス,第2部-14,夏草―「おくのほそ道」から,p.60,,,,,,,,
中３,国語,iワークプラス,第2部-15,それでも、言葉を,p.64,,,,,,,,
中３,国語,iワークプラス,第2部-16,本は世界への扉① 天、共に在り,p.68,,,,,,,,
中３,国語,iワークプラス,第2部-17,本は世界への扉② 極夜行,p.70,,,,,,,,
中３,国語,iワークプラス,第2部-18,温かいスープ,p.74,,,,,,,,
中３,国語,iワークプラス,第2部-19,アラスカとの出会い,p.78,,,,,,,,
中３,国語,iワークプラス,第2部-20,律儀な桜,p.82,,,,,,,,
中３,国語,iワークプラス,第2部-21,わたしを束ねないで,p.84,,,,,,,,
中３,国語,iワークプラス,第2部-22,初日,p.88,,,,,,,,
中３,国語,iワークプラス,第2部-23,二つの悲しみ,p.90,,,,,,,,
中３,国語,iワークプラス,第2部-24,高瀬舟,p.92,,,,,,,,
中３,社会,iワークノート,◆,立憲制国家の成立,p.2,,,,,,,,
中３,社会,iワークノート,1,日清・日露戦争,p.4,,,,,,,,
中３,社会,iワークノート,2,東アジア情勢と近代産業の発達,p.6,,,,,,,,
中３,社会,iワークノート,3,第一次世界大戦とアジア,p.8,,,,,,,,
中３,社会,iワークノート,4,大正デモクラシーと新しい文化,p.10,,,,,,,,
中３,社会,iワークノート,5,世界恐慌と日中戦争,p.12,,,,,,,,
中３,社会,iワークノート,6,第二次世界大戦とアジア,p.14,,,,,,,,
中３,社会,iワークノート,7,日本の民主化と独立,p.16,,,,,,,,
中３,社会,iワークノート,8,日本の発展と国際社会,p.18,,,,,,,,
中３,社会,iワークノート,9,これからの日本と世界,p.20,,,,,,,,
中３,社会,iワークノート,1,現代社会と私たちの生活,p.22,,,,,,,,
中３,社会,iワークノート,2,人権と日本国憲法,p.24,,,,,,,,
中３,社会,iワークノート,3,人権と共生社会,p.26,,,,,,,,
中３,社会,iワークノート,4,これからの人権保障,p.28,,,,,,,,
中３,社会,iワークノート,5,現代の民主政治,p.30,,,,,,,,
中３,社会,iワークノート,6,国の政治の仕組み①,p.32,,,,,,,,
中３,社会,iワークノート,7,国の政治の仕組み②,p.34,,,,,,,,
中３,社会,iワークノート,8,地方自治と私たち,p.36,,,,,,,,
中３,社会,iワークノート,9,消費生活と経済,p.38,,,,,,,,
中３,社会,iワークノート,10,生産と労働,p.40,,,,,,,,
中３,社会,iワークノート,11,価格の働きと金融,p.42,,,,,,,,
中３,社会,iワークノート,12,政府の役割と国民の福祉,p.44,,,,,,,,
中３,社会,iワークノート,13,これからの経済と社会,p.46,,,,,,,,
中３,社会,iワークノート,14,国際社会の仕組み,p.48,,,,,,,,
中３,社会,iワークノート,15,さまざまな国際問題とこれからの日本,p.50,,,,,,,,
中３,社会,iワークプラス,◆,立憲制国家の成立*,p.4～9,,,,,,,,
中３,社会,iワークプラス,1,日清・日露戦争,p.10～15,,,,,,,,
中３,社会,iワークプラス,2,東アジア情勢と近代産業の発達,p.16～21,,,,,,,,
中３,社会,iワークプラス,3,第一次世界大戦とアジア,p.22～27,,,,,,,,
中３,社会,iワークプラス,4,大正デモクラシーと新しい文化,p.28～33,,,,,,,,
中３,社会,iワークプラス,5,世界恐慌と日中戦争,p.40～45,,,,,,,,
中３,社会,iワークプラス,6,第二次世界大戦とアジア,p.46～51,,,,,,,,
中３,社会,iワークプラス,7,日本の民主化と独立,p.52～57,,,,,,,,
中３,社会,iワークプラス,8,日本の発展と国際社会,p.64～69,,,,,,,,
中３,社会,iワークプラス,9,これからの日本と世界,p.70～75,,,,,,,,
中３,社会,iワークプラス,1,現代社会と私たち,p.84～89,,,,,,,,
中３,社会,iワークプラス,2,民主主義と日本国憲法,p.90～95,,,,,,,,
中３,社会,iワークプラス,3,基本的人権の尊重,p.96～101,,,,,,,,
中３,社会,iワークプラス,4,法の支配のしくみ,p.102～107,,,,,,,,
中３,社会,iワークプラス,5,民主政治と私たち,p.114～119,,,,,,,,
中３,社会,iワークプラス,6,国の政治①,p.120～125,,,,,,,,
中３,社会,iワークプラス,7,国の政治②,p.126～131,,,,,,,,
中３,社会,iワークプラス,8,地方自治,p.132～137,,,,,,,,
中３,社会,iワークプラス,9,経済のしくみと消費,p.144～149,,,,,,,,
中３,社会,iワークプラス,10,企業と生産,p.150～155,,,,,,,,
中３,社会,iワークプラス,11,市場経済と金融,p.156～161,,,,,,,,
中３,社会,iワークプラス,12,財政と私たち,p.162～167,,,,,,,,
中３,社会,iワークプラス,13,日本経済の課題と今後,p.168～173,,,,,,,,
中３,社会,iワークプラス,14,国際社会と日本,p.182～187,,,,,,,,
中３,社会,iワークプラス,15,地球的課題とその解決,p.188～193,,,,,,,,
中３,数学,iワークドリル,1,多項式と単項式の乗法・除法,p.4,,,,,,,,
中３,数学,iワークドリル,2,式の展開1,p.5,,,,,,,,
中３,数学,iワークドリル,3,式の展開2 乗法公式,p.6,,,,,,,,
中３,数学,iワークドリル,4,乗法公式の利用1 置き換え,p.7,,,,,,,,
中３,数学,iワークドリル,5,乗法公式の利用2 四則計算,p.8,,,,,,,,
中３,数学,iワークドリル,6,因数分解,p.9,,,,,,,,
中３,数学,iワークドリル,7,因数分解の利用1 共通因数でくくる,p.10,,,,,,,,
中３,数学,iワークドリル,8,因数分解の利用2 置き換え,p.11,,,,,,,,
中３,数学,iワークドリル,9,因数分解の利用3 式の整理,p.12,,,,,,,,
中３,数学,iワークドリル,10,式の計算の利用1 計算の工夫，式の値,p.13,,,,,,,,
中３,数学,iワークドリル,11,式の計算の利用2 数や図形の証明,p.14,,,,,,,,
中３,数学,iワークドリル,12,平方根の意味,p.15,,,,,,,,
中３,数学,iワークドリル,13,平方根の計算1 乗除,p.16,,,,,,,,
中３,数学,iワークドリル,14,平方根 of 計算2 加減,p.17,,,,,,,,
中３,数学,iワークドリル,15,平方根の計算3 四則計算,p.18,,,,,,,,
中３,数学,iワークドリル,16,平方根の計算4 分配法則，乗法公式,p.19,,,,,,,,
中３,数学,iワークドリル,17,平方根の利用,p.20,,,,,,,,
中３,数学,iワークドリル,18,近似値と有効数字,p.21,,,,,,,,
中３,数学,iワークドリル,19,2次方程式の解法1 平方根の利用,p.22,,,,,,,,
中３,数学,iワークドリル,20,2次方程式の解法2 解の公式の利用,p.23,,,,,,,,
中３,数学,iワークドリル,21,2次方程式の解法3 因数分解の利用,p.24,,,,,,,,
中３,数学,iワークドリル,22,2次方程式の解法4 いろいろな2次方程式,p.25,,,,,,,,
中３,数学,iワークドリル,23,2次方程式の解と定数,p.26,,,,,,,,
中３,数学,iワークドリル,24,2次方程式の利用1 数に関する問題,p.27,,,,,,,,
中３,数学,iワークドリル,25,2次方程式の利用2 図形に関する問題,p.28,,,,,,,,
中３,数学,iワークドリル,26,2次方程式の利用3 動点，関数に関する問題,p.29,,,,,,,,
中３,数学,iワークドリル,27,関数 $y=ax^2$,p.30,,,,,,,,
中３,数学,iワークドリル,28,関数 $y=ax^2$ のグラフ,p.31,,,,,,,,
中３,数学,iワークドリル,29,関数 $y=ax^2$ の変域,p.32,,,,,,,,
中３,数学,iワークドリル,30,関数 $y=ax^2$ の変化の割合,p.33,,,,,,,,
中３,数学,iワークドリル,31,関数 $y=ax^2$ の利用1 物体の落下，ふりこ,p.34,,,,,,,,
中３,数学,iワークドリル,32,関数 $y=ax^2$ の利用2 速さ,p.35,,,,,,,,
中３,数学,iワークドリル,33,関数 $y=ax^2$ の利用3 動点,p.36,,,,,,,,
中３,数学,iワークドリル,34,いろいろな関数,p.37,,,,,,,,
中３,数学,iワークドリル,35,相似な図形,p.38,,,,,,,,
中３,数学,iワークドリル,36,相似な図形の相似比,p.39,,,,,,,,
中３,数学,iワークドリル,37,三角形の相似条件,p.40,,,,,,,,
中３,数学,iワークドリル,38,三角形の相似の証明,p.41,,,,,,,,
中３,数学,iワークドリル,39,相似の利用,p.42,,,,,,,,
中３,数学,iワークドリル,40,三角形と比,p.43,,,,,,,,
中３,数学,iワークドリル,41,中点連結定理,p.44,,,,,,,,
中３,数学,iワークドリル,42,平行線と比,p.45,,,,,,,,
中３,数学,iワークドリル,43,相似な図形の面積比,p.46,,,,,,,,
中３,数学,iワークドリル,44,相似な立体の表面積の比と体積比,p.47,,,,,,,,
中３,数学,iワークドリル,45,円周角の定理1,p.48,,,,,,,,
中３,数学,iワークドリル,46,円周角の定理2,p.49,,,,,,,,
中３,数学,iワークドリル,47,円周角の定理の逆,p.50,,,,,,,,
中３,数学,iワークドリル,48,円と相似,p.51,,,,,,,,
中３,数学,iワークドリル,49,三平方の定理,p.52,,,,,,,,
中３,数学,iワークドリル,50,三平方の定理の逆,p.53,,,,,,,,
中３,数学,iワークドリル,51,特別な直角三角形の3辺の比,p.54,,,,,,,,
中３,数学,iワークドリル,52,三平方の定理の平面図形への利用1 対角線，高さと面積,p.55,,,,,,,,
中３,数学,iワークドリル,53,三平方の定理の平面図形への利用2 弦や接線,p.56,,,,,,,,
中３,数学,iワークドリル,54,三平方の定理の平面図形への利用3 座標平面,p.57,,,,,,,,
中３,数学,iワークドリル,55,三平方の定理の平面図形への利用4 折り返し，方程式の利用,p.58,,,,,,,,
中３,数学,iワークドリル,56,三平方の定理の空間図形への利用1 直方体の対角線，空間内の長さ,p.59,,,,,,,,
中３,数学,iワークドリル,57,三平方の定理の空間図形への利用2 立体図形の高さと体積,p.60,,,,,,,,
中３,数学,iワークドリル,58,三平方の定理の空間図形への利用3 表面上の最短距離,p.61,,,,,,,,
中３,数学,iワークドリル,59,三平方の定理の空間図形への利用4 空間内の面積,p.62,,,,,,,,
中３,数学,iワークドリル,60,標本調査,p.63,,,,,,,,
中３,数学,iワークプラス,第1部-1,式の展開,p.2,,,,,,,,
中３,数学,iワークプラス,第1部-2,因数分解,p.4,,,,,,,,
中３,数学,iワークプラス,第1部-3,いろいろな因数分解,p.6,,,,,,,,
中３,数学,iワークプラス,第1部-4,式の計算の利用,p.8,,,,,,,,
中３,数学,iワークプラス,第1部-5,平方根,p.10,,,,,,,,
中３,数学,iワークプラス,第1部-6,根号をふくむ式の計算(1),p.12,,,,,,,,
中３,数学,iワークプラス,第1部-7,根号をふくむ式の計算(2),p.14,,,,,,,,
中３,数学,iワークプラス,第1部-8,二次方程式とその解き方,p.16,,,,,,,,
中３,数学,iワークプラス,第1部-9,二次方程式の解き方,p.18,,,,,,,,
中３,数学,iワークプラス,第1部-10,二次方程式の利用,p.20,,,,,,,,
中３,数学,iワークプラス,第1部-11,関数 $y=ax^2$ とグラフ,p.22,,,,,,,,
中３,数学,iワークプラス,第1部-12,いろいろな事象と関数の利用,p.24,,,,,,,,
中３,数学,iワークプラス,第1部-13,2乗に比例する関数と図形,p.26,,,,,,,,
中３,数学,iワークプラス,第1部-14,相似な図形,p.28,,,,,,,,
中３,数学,iワークプラス,第1部-15,平行線と線分の比,p.30,,,,,,,,
中３,数学,iワークプラス,第1部-16,相似な図形の計量,p.32,,,,,,,,
中３,数学,iワークプラス,第1部-17,相似の利用,p.34,,,,,,,,
中３,数学,iワークプラス,第1部-18,円周角の定理,p.36,,,,,,,,
中３,数学,iワークプラス,第1部-19,三平方の定理,p.38,,,,,,,,
中３,数学,iワークプラス,第1部-20,三平方の定理の利用(1),p.40,,,,,,,,
中３,数学,iワークプラス,第1部-21,三平方の定理の利用(2),p.42,,,,,,,,
中３,数学,iワークプラス,第1部-22,空間図形と三平方の定理(1),p.44,,,,,,,,
中３,数学,iワークプラス,第1部-23,空間図形と三平方の定理(2),p.46,,,,,,,,
中３,数学,iワークプラス,第1部-24,標本調査,p.48,,,,,,,,
中３,数学,iワークプラス,第2部-1,式の展開と因数分解,p.50,,,,,,,,
中３,数学,iワークプラス,第2部-2,平方根,p.54,,,,,,,,
中３,数学,iワークプラス,第2部-3,二次方程式,p.58,,,,,,,,
中３,数学,iワークプラス,第2部-4,関数 $y=ax^2$,p.62,,,,,,,,
中３,数学,iワークプラス,第2部-5,図形と相似,p.66,,,,,,,,
中３,数学,iワークプラス,第2部-6,円の性質,p.70,,,,,,,,
中３,数学,iワークプラス,第2部-7,三平方の定理,p.74,,,,,,,,
中３,理科,iワークノート,1,生物の成長とふえ方,p.4,,,,,,,,
中３,理科,iワークノート,2,遺伝の規則性と遺伝子,p.5,,,,,,,,
中３,理科,iワークノート,3,水溶液とイオン,p.6,,,,,,,,
中３,理科,iワークノート,4,電池の仕組み,p.7,,,,,,,,
中３,理科,iワークノート,5,酸・アルカリと中和,p.8,,,,,,,,
中３,理科,iワークノート,6,中和と塩,p.9,,,,,,,,
中３,理科,iワークノート,7,力の合成と分解,p.10,,,,,,,,
中３,理科,iワークノート,8,物体の運動,p.11,,,,,,,,
中３,理科,iワークノート,9,仕事とエネルギー,p.12,,,,,,,,
中３,理科,iワークノート,10,エネルギーの変換と保存,p.13,,,,,,,,
中３,理科,iワークノート,11,銀河系と恒星,p.14,,,,,,,,
中３,理科,iワークノート,12,太陽の様子と動き,p.15,,,,,,,,
中３,理科,iワークノート,13,星の動き,p.16,,,,,,,,
中３,理科,iワークノート,14,月の満ち欠けと惑星の動き,p.17,,,,,,,,
中３,理科,iワークノート,15,食の仕組みと金星の見え方,p.18,,,,,,,,
中３,理科,iワークノート,16,科学技術の発展,p.19,,,,,,,,
中３,理科,iワークノート,17,資源とエネルギー,p.20,,,,,,,,
中３,理科,iワークノート,18,自然環境の保全と災害,p.21,,,,,,,,
中３,理科,iワークノート,19,自然の恵みと気象災害,p.22,,,,,,,,
中３,理科,iワークノート,20,1年の復習1(生物),p.23,,,,,,,,
中３,理科,iワークノート,21,1年の復習2(地学),p.24,,,,,,,,
中３,理科,iワークノート,22,1年の復習3(物質),p.25,,,,,,,,
中３,理科,iワークノート,23,1年の復習4(エネルギー),p.26,,,,,,,,
中３,理科,iワークノート,24,2年の復習1(生物),p.27,,,,,,,,
中３,理科,iワークノート,25,2年の復習2(地学),p.28,,,,,,,,
中３,理科,iワークノート,26,2年の復習3(物質),p.29,,,,,,,,
中３,理科,iワークノート,27,2年の復習4(エネルギー),p.30,,,,,,,,
中３,理科,iワークノート,28,3年のまとめ,p.31,,,,,,,,
中３,理科,iワークプラス,1,いろいろな生物とその共通点,p.4～7,,,,,,,,
中３,理科,iワークプラス,2,活きている地球,p.8～11,,,,,,,,
中３,理科,iワークプラス,3,身のまわりの物質,p.12～15,,,,,,,,
中３,理科,iワークプラス,4,光・音・力による現象,p.16～19,,,,,,,,
中３,理科,iワークプラス,5,生物の体のつくりとはたらき,p.20～23,,,,,,,,
中３,理科,iワークプラス,6,地球の大気と天気の変化,p.24～27,,,,,,,,
中３,理科,iワークプラス,7,化学変化と原子・分子,p.28～31,,,,,,,,
中３,理科,iワークプラス,8,電流とその利用,p.32～35,,,,,,,,
中３,理科,iワークプラス,9,生物のふえ方と成長,p.36～39,,,,,,,,
中３,理科,iワークプラス,10,遺伝の規則性と遺伝子,p.40～43,,,,,,,,
中３,理科,iワークプラス,11,生物の種類の多様性と進化,p.44～47,,,,,,,,
中３,理科,iワークプラス,12,宇宙の天体,p.62～65,,,,,,,,
中３,理科,iワークプラス,13,太陽の動き,p.66～69,,,,,,,,
中３,理科,iワークプラス,14,星座の星の動き,p.72～75,,,,,,,,
中３,理科,iワークプラス,15,月と金星の動きと見え方,p.76～79,,,,,,,,
中３,理科,iワークプラス,16,水溶液とイオン,p.98～101,,,,,,,,
中３,理科,iワークプラス,17,電池とイオン,p.104～107,,,,,,,,
中３,理科,iワークプラス,18,酸とアルカリ,p.110～113,,,,,,,,
中３,理科,iワークプラス,19,中和と塩,p.114～117,,,,,,,,
中３,理科,iワークプラス,20,水中の物体にはたらく力,p.138～141,,,,,,,,
中３,理科,iワークプラス,21,力の合成と分解,p.142～145,,,,,,,,
中３,理科,iワークプラス,22,物体の運動,p.146～149,,,,,,,,
中３,理科,iワークプラス,23,水平面上での物体の運動,p.154～157,,,,,,,,
中３,理科,iワークプラス,24,斜面上での物体の運動,p.158～161,,,,,,,,
中３,理科,iワークプラス,25,仕事,p.168～171,,,,,,,,
中３,理科,iワークプラス,26,エネルギー,p.174～177,,,,,,,,
中３,理科,iワークプラス,27,多様なエネルギーとその移り変わり,p.180～183,,,,,,,,
中３,理科,iワークプラス,28,エネルギー資源とその利用,p.184～187,,,,,,,,
中３,理科,iワークプラス,29,生物どうしのつながり,p.208～211,,,,,,,,
中３,理科,iワークプラス,30,生物の遺骸のゆくえと物質の循環,p.212～215,,,,,,,,
中３,理科,iワークプラス,31,自然と人間,p.216～219,,,,,,,,
中１,国語,iワークドリル,第1章-1,はじまりの風,p.2,,,,,,,,
中１,国語,iワークドリル,第1章-2,漢字の成り立ちと部首（漢字1）,p.3,,,,,,,,
中１,国語,iワークドリル,第1章-3,漢字に親しもう1,p.4,,,,,,,,
中１,国語,iワークドリル,第1章-4,ダイコンは大きな根?,p.5,,,,,,,,
中１,国語,iワークドリル,第1章-5,ちょっと立ち止まって,p.6,,,,,,,,
中１,国語,iワークドリル,第1章-6,情報整理のレッスン 比較・分類,p.7,,,,,,,,
中１,国語,iワークドリル,第1章-7,言葉2 指示する語句と接続する語句,p.8,,,,,,,,
中１,国語,iワークドリル,第1章-8,空の詩 三編,p.9,,,,,,,,
中１,国語,iワークドリル,第1章-9,言葉3 さまざまな表現技法 / 比喩で広がる言葉の世界,p.10,,,,,,,,
中１,国語,iワークドリル,第1章-10,語彙を豊かに,p.11,,,,,,,,
中１,国語,iワークドリル,第1章-11,情報収集の達人になろう,p.12,,,,,,,,
中１,国語,iワークドリル,第1章-12,随筆・彫刻など（詳細単元名なし）,p.13,,,,,,,,
中１,国語,iワークドリル,第1章-13,本の中の中学生,p.14,,,,,,,,
中１,国語,iワークドリル,第1章-14,大人になれなかった弟たちに･･････,p.15,,,,,,,,
中１,国語,iワークドリル,第1章-15,星の花が降るころに,p.16,,,,,,,,
中１,国語,iワークドリル,第1章-16,言葉4 方言と共通語,p.17,,,,,,,,
中１,国語,iワークドリル,第1章-17,漢字2 漢字の音訓,p.18,,,,,,,,
中１,国語,iワークドリル,第1章-18,漢字に親しもう2,p.19,,,,,,,,
中１,国語,iワークドリル,第1章-19,「言葉」をもつ鳥、シジュウカラ,p.20,,,,,,,,
中１,国語,iワークドリル,第1章-20,思考のレッスン1 意見と根拠,p.21,,,,,,,,
中１,国語,iワークドリル,第1章-21,漢字に親しもう3,p.22,,,,,,,,
中１,国語,iワークドリル,第1章-22,大阿蘇,p.23,,,,,,,,
中１,国語,iワークドリル,第1章-23,蓬萊の玉の枝――「竹取物語」から,p.24,,,,,,,,
中１,国語,iワークドリル,第1章-24,今に生きる言葉,p.25,,,,,,,,
中１,国語,iワークドリル,第1章-25,「不便」の価値を見つめ直す,p.26,,,,,,,,
中１,国語,iワークドリル,第1章-26,思考のレッスン2 原因と結果,p.27,,,,,,,,
中１,国語,iワークドリル,第1章-27,漢字に親しもう4,p.28,,,,,,,,
中１,国語,iワークドリル,第1章-28,研究の現場にようこそ,p.29,,,,,,,,
中１,国語,iワークドリル,第1章-29,少年の日の思い出,p.30,,,,,,,,
中１,国語,iワークドリル,第1章-30,漢字に親しもう5,p.31,,,,,,,,
中１,国語,iワークドリル,第1章-31,二十歳になった日,p.32,,,,,,,,
中１,国語,iワークドリル,第1章-32,漢字3 漢字の成り立ち,p.33,,,,,,,,
中１,国語,iワークドリル,第2章-1,はじまりの風,p.34,,,,,,,,
中１,国語,iワークドリル,第2章-2,漢字の成り立ちと部首（漢字1）,p.35,,,,,,,,
中１,国語,iワークドリル,第2章-3,漢字に親しもう1,p.36,,,,,,,,
中１,国語,iワークドリル,第2章-4,ダイコンは大きな根?,p.37,,,,,,,,
中１,国語,iワークドリル,第2章-5,ちょっと立ち止まって,p.38,,,,,,,,
中１,国語,iワークドリル,第2章-6,情報整理のレッスン 比較・分類,p.39,,,,,,,,
中１,国語,iワークドリル,第2章-7,言葉2 指示する語句と接続する語句,p.40,,,,,,,,
中１,国語,iワークドリル,第2章-8,空の詩 三編,p.41,,,,,,,,
中１,国語,iワークドリル,第2章-9,言葉3 さまざまな表現技法 / 比喩で広がる言葉の世界,p.42,,,,,,,,
中１,国語,iワークドリル,第2章-10,語彙を豊かに,p.43,,,,,,,,
中１,国語,iワークドリル,第2章-11,情報収集の達人になろう,p.44,,,,,,,,
中１,国語,iワークドリル,第2章-12,随筆・彫刻など（詳細単元名なし）,p.45,,,,,,,,
中１,国語,iワークドリル,第2章-13,本の中の中学生,p.46,,,,,,,,
中１,国語,iワークドリル,第2章-14,大人になれなかった弟たちに･･････,p.47,,,,,,,,
中１,国語,iワークドリル,第2章-15,星の花が降るころに,p.48,,,,,,,,
中１,国語,iワークドリル,第2章-16,言葉4 方言と共通語,p.49,,,,,,,,
中１,国語,iワークドリル,第2章-17,漢字2 漢字の音訓,p.50,,,,,,,,
中１,国語,iワークドリル,第2章-18,漢字に親しもう2,p.51,,,,,,,,
中１,国語,iワークドリル,第2章-19,「言葉」をもつ鳥、シジュウカラ,p.52,,,,,,,,
中１,国語,iワークドリル,第2章-20,思考のレッスン1 意見と根拠,p.53,,,,,,,,
中１,国語,iワークドリル,第2章-21,漢字に親しもう3,p.54,,,,,,,,
中１,国語,iワークドリル,第2章-22,大阿蘇,p.55,,,,,,,,
中１,国語,iワークドリル,第2章-23,蓬萊の玉の枝――「竹取物語」から,p.56,,,,,,,,
中１,国語,iワークドリル,第2章-24,今に生きる言葉,p.57,,,,,,,,
中１,国語,iワークドリル,第2章-25,「不便」の価値を見つめ直す,p.58,,,,,,,,
中１,国語,iワークドリル,第2章-26,思考のレッスン2 原因と結果,p.59,,,,,,,,
中１,国語,iワークドリル,第2章-27,漢字に親しもう4,p.60,,,,,,,,
中１,国語,iワークドリル,第2章-28,研究の現場にようこそ,p.61,,,,,,,,
中１,国語,iワークドリル,第2章-29,少年の日の思い出,p.62,,,,,,,,
中１,国語,iワークドリル,第2章-30,漢字に親しもう5,p.63,,,,,,,,
中１,国語,iワークドリル,第2章-31,二十歳になった日,p.64,,,,,,,,
中１,国語,iワークドリル,第2章-32,漢字3 漢字の成り立ち,p.65,,,,,,,,
中１,国語,iワークプラス,第1章-1,はじまりの風 / 漢字に親しもう 1,p.2,,,,,,,,
中１,国語,iワークプラス,第1章-2,漢字に親しもう 1 / ダイコンは大きな根? / ちょっと立ち止まって / 漢字 1 熟語の構成,p.3,,,,,,,,
中１,国語,iワークプラス,第1章-3,漢字 1 熟語の構成 / 漢字に親しもう 2,p.4,,,,,,,,
中１,国語,iワークプラス,第1章-4,漢字に親しもう 2 / 短歌に親しむ / 言葉の力 / 言葉 1 類義語・対義語・多義語,p.5,,,,,,,,
中１,国語,iワークプラス,第1章-5,言葉 1 類義語・対義語・多義語 / 語彙を豊かに / メディアの特徴を生かして情報を集めよう / 翻訳作品を読み比べよう / ヒューマノイド,p.6,,,,,,,,
中１,国語,iワークプラス,第1章-6,ヒューマノイド / 字のない葉書,p.7,,,,,,,,
中１,国語,iワークプラス,第1章-7,言葉 2 敬語 / 漢字 2 同じ訓・同じ音をもつ漢字,p.8,,,,,,,,
中１,国語,iワークプラス,第1章-8,漢字 2 同じ訓・同じ音をもつ漢字 / 漢字に親しもう 3 / モアイは語る,p.9,,,,,,,,
中１,国語,iワークプラス,第1章-9,モアイは語る / 思考のレッスン 1 根拠の吟味 / 月夜の浜辺,p.10,,,,,,,,
中１,国語,iワークプラス,第1章-10,扇の的 / 仁和寺にある法師 / 漢詩の風景,p.11,,,,,,,,
中１,国語,iワークプラス,第1章-11,漢詩の風景 / 君は「最後の晩餐」を知っているか / 思考のレッスン 2 具体と抽象 / 漢字に親しもう 4,p.12,,,,,,,,
中１,国語,iワークプラス,第1章-12,漢字に親しもう 4,p.13,,,,,,,,
中１,国語,iワークプラス,第1章-13,「自分らしさ」を認め合う社会へ / 走れメロス,p.14,,,,,,,,
中１,国語,iワークプラス,第1章-14,走れメロス / 漢字に親しもう 5,p.15,,,,,,,,
中１,国語,iワークプラス,第1章-15,漢字 3 送り仮名,p.16,,,,,,,,
中１,国語,iワークプラス,第2部-1,見えないだけ,p.17,,,,,,,,
中１,国語,iワークプラス,第2部-2,はじまりの風,p.18,,,,,,,,
中１,国語,iワークプラス,第2部-3,ダイコンは大きな根?,p.22,,,,,,,,
中１,国語,iワークプラス,第2部-4,ちょっと立ち止まって,p.26,,,,,,,,
中１,国語,iワークプラス,第2部-5,短歌に親しむ / 短歌を味わう,p.30,,,,,,,,
中１,国語,iワークプラス,第2部-6,言葉の力,p.34,,,,,,,,
中１,国語,iワークプラス,第2部-7,デジタル市民として生きる,p.38,,,,,,,,
中１,国語,iワークプラス,第2部-8,「わからない」は人生の宝物,p.42,,,,,,,,
中１,国語,iワークプラス,第2部-9,ヒューマノイド,p.46,,,,,,,,
中１,国語,iワークプラス,第2部-10,字のない葉書,p.50,,,,,,,,
中１,国語,iワークプラス,第2部-11,モアイは語る,p.54,,,,,,,,
中１,国語,iワークプラス,第2部-12,月夜の浜辺,p.58,,,,,,,,
中１,国語,iワークプラス,第2部-13,扇の的,p.60,,,,,,,,
中１,国語,iワークプラス,第2部-14,仁和寺にある法師,p.62,,,,,,,,
中１,国語,iワークプラス,第2部-15,漢詩の風景,p.64,,,,,,,,
中１,国語,iワークプラス,第2部-16,君は「最後の晩餐」を知っているか,p.68,,,,,,,,
中１,国語,iワークプラス,第2部-17,「自分らしさ」を認め合う社会へ ①父と話せば,p.72,,,,,,,,
中１,国語,iワークプラス,第2部-18,「自分らしさ」を認め合う社会へ ②六千回のトライの先に,p.74,,,,,,,,
中１,国語,iワークプラス,第2部-19,走れメロス,p.78,,,,,,,,
中１,国語,iワークプラス,第2部-20,鍵,p.82,,,,,,,,
中１,国語,iワークプラス,第2部-21,盆土産,p.84,,,,,,,,
中１,国語,iワークプラス,第2部-22,形,p.88,,,,,,,,
中１,国語,iワークプラス,第2部-23,敦盛の最期,p.92,,,,,,,,
中１,社会,地理ノート,◆,世界の姿,p.2,,,,,,,,
中１,社会,地理ノート,1,世界の諸地域（アジア州）,p.3,,,,,,,,
中１,社会,地理ノート,2,世界の諸地域（アフリカ州）,p.4,,,,,,,,
中１,社会,地理ノート,3,世界の諸地域（ヨーロッパ州）,p.5,,,,,,,,
中１,社会,地理ノート,4,世界の諸地域（北アメリカ州）,p.6,,,,,,,,
中１,社会,地理ノート,5,世界の諸地域（南アメリカ州）,p.7,,,,,,,,
中１,社会,地理ノート,6,世界の諸地域（オセアニア州）,p.8,,,,,,,,
中１,社会,地理ノート,7,世界の諸地域（世界の様々な地域）,p.9,,,,,,,,
中１,社会,地理ノート,8,世界の諸地域（地域調査の手法）,p.10,,,,,,,,
中１,社会,地理ノート,9,世界の諸地域（日本の地域的特色①）,p.11,,,,,,,,
中１,社会,地理ノート,10,世界の諸地域（日本の地域的特色②）,p.12,,,,,,,,
中１,社会,地理ノート,11,日本の諸地域（九州地方）,p.13,,,,,,,,
中１,社会,地理ノート,12,日本の諸地域（中国・四国地方）,p.14,,,,,,,,
中１,社会,地理ノート,13,日本の諸地域（近畿地方）,p.15,,,,,,,,
中１,社会,地理ノート,14,日本の諸地域（中部地方）,p.16,,,,,,,,
中１,社会,地理ノート,15,日本の諸地域（関東地方）,p.17,,,,,,,,
中１,社会,地理ノート,16,日本の諸地域（東北地方）,p.18,,,,,,,,
中１,社会,地理ノート,17,日本の諸地域（北海道地方）,p.19,,,,,,,,
中１,社会,地理ノート,18,日本の諸地域（身のまわりの地域の調査）,p.20,,,,,,,,
中１,社会,地理プラス,◆,世界の姿,p.2,,,,,,,,
中１,社会,地理プラス,1,世界の諸地域（アジア州）,p.3,,,,,,,,
中１,社会,地理プラス,2,世界の諸地域（アフリカ州）,p.4,,,,,,,,
中１,社会,地理プラス,3,世界の諸地域（ヨーロッパ州）,p.5,,,,,,,,
中１,社会,地理プラス,4,世界の諸地域（北アメリカ州）,p.6,,,,,,,,
中１,社会,地理プラス,5,世界の諸地域（南アメリカ州）,p.7,,,,,,,,
中１,社会,地理プラス,6,世界の諸地域（オセアニア州）,p.8,,,,,,,,
中１,社会,地理プラス,7,世界の様々な地域,p.9,,,,,,,,
中１,社会,地理プラス,8,地域調査の手法,p.10,,,,,,,,
中１,社会,地理プラス,9,日本の地域的特色①,p.11,,,,,,,,
中１,社会,地理プラス,10,日本の地域的特色②,p.12,,,,,,,,
中１,社会,地理プラス,11,日本の諸地域（九州地方）,p.13,,,,,,,,
中１,社会,地理プラス,12,日本の諸地域（中国・四国地方）,p.14,,,,,,,,
中１,社会,地理プラス,13,日本の諸地域（近畿地方）,p.15,,,,,,,,
中１,社会,地理プラス,14,日本の諸地域（中部地方）,p.16,,,,,,,,
中１,社会,地理プラス,15,日本の諸地域（関東地方）,p.17,,,,,,,,
中１,社会,地理プラス,16,日本の諸地域（東北地方）,p.18,,,,,,,,
中１,社会,地理プラス,17,日本の諸地域（北海道地方）,p.19,,,,,,,,
中１,社会,地理プラス,18,身のまわりの地域の調査,p.20,,,,,,,,
中１,社会,歴史ノート,◆,歴史への歩み,p.2,,,,,,,,
中１,社会,歴史ノート,1,古代までの日本（文明の発生と古代の世界）,p.3,,,,,,,,
中１,社会,歴史ノート,2,古代までの日本（宗教の発生と古代の世界）,p.4,,,,,,,,
中１,社会,歴史ノート,3,古代までの日本（縄文時代と弥生時代）,p.5,,,,,,,,
中１,社会,歴史ノート,4,古代までの日本（古墳時代とヤマト王権）,p.6,,,,,,,,
中１,社会,歴史ノート,5,古代までの日本（飛鳥時代）,p.7,,,,,,,,
中１,社会,歴史ノート,6,古代までの日本（奈良時代）,p.8,,,,,,,,
中１,社会,歴史ノート,7,古代までの日本（平安時代①）,p.9,,,,,,,,
中１,社会,歴史ノート,8,古代までの日本（平安時代②）,p.10,,,,,,,,
中１,社会,歴史ノート,9,中世の日本（武士の登場と鎌倉幕府）,p.11,,,,,,,,
中１,社会,歴史ノート,10,中世の日本（鎌倉時代の社会とモンゴルの襲来）,p.12,,,,,,,,
中１,社会,歴史ノート,11,中世の日本（室町幕府の成立と東アジアの情勢）,p.13,,,,,,,,
中１,社会,歴史ノート,12,中世の日本（室町時代の文化と民衆の成長）,p.14,,,,,,,,
中１,社会,歴史ノート,13,近世の日本（ヨーロッパ人との出会いと織豊政権）,p.15,,,,,,,,
中１,社会,歴史ノート,14,近世の日本（江戸幕府の成立と外交）,p.16,,,,,,,,
中１,社会,歴史ノート,15,近世の日本（江戸幕府の政治と改革）,p.17,,,,,,,,
中１,社会,歴史ノート,16,近世の日本（産業の発達と町人の文化）,p.18,,,,,,,,
中１,社会,歴史ノート,17,近世の日本（幕末の動乱）,p.19,,,,,,,,
中１,社会,歴史プラス,◆,歴史への歩み,p.2,,,,,,,,
中１,社会,歴史プラス,1,文明の発生と古代の世界,p.3,,,,,,,,
中１,社会,歴史プラス,2,宗教の発生と古代の世界,p.4,,,,,,,,
中１,社会,歴史プラス,3,縄文時代と弥生時代,p.5,,,,,,,,
中１,社会,歴史プラス,4,古墳時代とヤマト王権,p.6,,,,,,,,
中１,社会,歴史プラス,5,飛鳥時代,p.7,,,,,,,,
中１,社会,歴史プラス,6,奈良時代,p.8,,,,,,,,
中１,社会,歴史プラス,7,平安時代①,p.9,,,,,,,,
中１,社会,歴史プラス,8,平安時代②,p.10,,,,,,,,
中１,社会,歴史プラス,9,武士の登場と鎌倉幕府,p.11,,,,,,,,
中１,社会,歴史プラス,10,鎌倉時代の社会とモンゴルの襲来,p.12,,,,,,,,
中１,社会,歴史プラス,11,室町幕府の成立と東アジアの情勢,p.13,,,,,,,,
中１,社会,歴史プラス,12,室町時代の文化と民衆の成長,p.14,,,,,,,,
中１,社会,歴史プラス,13,ヨーロッパ人との出会いと織豊政権,p.15,,,,,,,,
中１,社会,歴史プラス,14,江戸幕府の成立と外交,p.16,,,,,,,,
中１,社会,歴史プラス,15,江戸幕府の政治と改革,p.17,,,,,,,,
中１,社会,歴史プラス,16,産業の発達と町人の文化,p.18,,,,,,,,
中１,社会,歴史プラス,17,幕末の動乱,p.19,,,,,,,,
中１,数学,iワークドリル,1,正の数・負の数1 正負の数・絶対値,p.4,,,,,,,,
中１,数学,iワークドリル,2,正の数・負の数2 加法・減法,p.5,,,,,,,,
中１,数学,iワークドリル,3,正の数・負の数3 加減の混じった計算,p.6,,,,,,,,
中１,数学,iワークドリル,4,正の数・負の数4 乗法・除法,p.7,,,,,,,,
中１,数学,iワークドリル,5,正の数・負の数5 四則の混じった計算,p.8,,,,,,,,
中１,数学,iワークドリル,6,正の数・負の数6 正負の数の利用,p.9,,,,,,,,
中１,数学,iワークドリル,7,文字の式1 文字を使った式,p.10,,,,,,,,
中１,数学,iワークドリル,8,文字の式2 式の値,p.11,,,,,,,,
中１,数学,iワークドリル,9,文字の式3 1次式の計算1 加減,p.12,,,,,,,,
中１,数学,iワークドリル,10,文字の式4 1次式の計算2 乗除,p.13,,,,,,,,
中１,数学,iワークドリル,11,文字の式5 関係を表す式,p.14,,,,,,,,
中１,数学,iワークドリル,12,方程式1 方程式とその解,p.15,,,,,,,,
中１,数学,iワークドリル,13,方程式2 方程式の解法1,p.16,,,,,,,,
中１,数学,iワークドリル,14,方程式3 方程式の解法2,p.17,,,,,,,,
中１,数学,iワークドリル,15,方程式4 方程式の解法3,p.18,,,,,,,,
中１,数学,iワークドリル,16,方程式5 比例式,p.19,,,,,,,,
中１,数学,iワークドリル,17,方程式の利用1 数量・代金・個数,p.20,,,,,,,,
中１,数学,iワークドリル,18,方程式の利用2 速さ・時間・距離,p.21,,,,,,,,
中１,数学,iワークドリル,19,方程式の利用3 割合,p.22,,,,,,,,
中１,数学,iワークドリル,20,方程式の利用4 いろいろな問題,p.23,,,,,,,,
中１,数学,iワークドリル,21,変化と対応1 関数の意味,p.24,,,,,,,,
中１,数学,iワークドリル,22,変化と対応2 比例の意味・変数と変域,p.25,,,,,,,,
中１,数学,iワークドリル,23,変化と対応3 座標,p.26,,,,,,,,
中１,数学,iワークドリル,24,変化と対応4 比例のグラフ,p.27,,,,,,,,
中１,数学,iワークドリル,25,変化と対応5 比例の式の求め方,p.28,,,,,,,,
中１,数学,iワークドリル,26,変化と対応6 反比例の意味・変域,p.29,,,,,,,,
中１,数学,iワークドリル,27,変化と対応7 反比例のグラフ,p.30,,,,,,,,
中１,数学,iワークドリル,28,変化と対応8 反比例の式の求め方,p.31,,,,,,,,
中１,数学,iワークドリル,29,変化と対応9 比例・反比例の利用1,p.32,,,,,,,,
中１,数学,iワークドリル,30,変化と対応10 比例・反比例の利用2,p.33,,,,,,,,
中１,数学,iワークドリル,31,平面図形1 直線と角・円と扇形,p.34,,,,,,,,
中１,数学,iワークドリル,32,平面図形2 基本の作図1,p.35,,,,,,,,
中１,数学,iワークドリル,33,平面図形3 基本の作図2,p.36,,,,,,,,
中１,数学,iワークドリル,34,平面図形4 作図の利用,p.37,,,,,,,,
中１,数学,iワークドリル,35,平面図形5 図形の移動,p.38,,,,,,,,
中１,数学,iワークドリル,36,平面図形6 おうぎ形の計量,p.39,,,,,,,,
中１,数学,iワークドリル,37,空間図形1 直線や平面の位置関係,p.40,,,,,,,,
中１,数学,iワークドリル,38,空間図形2 角柱と円柱,p.41,,,,,,,,
中１,数学,iワークドリル,39,空間図形3 角錐と円錐・多面体,p.42,,,,,,,,
中１,数学,iワークドリル,40,空間図形4 立体の展開図,p.43,,,,,,,,
中１,数学,iワークドリル,41,空間図形5 立体の表面積,p.44,,,,,,,,
中１,数学,iワークドリル,42,空間図形6 立体の体積,p.45,,,,,,,,
中１,数学,iワークドリル,43,空間図形7 球の表面積と体積,p.46,,,,,,,,
中１,数学,iワークドリル,44,データの活用1 度数分布,p.47,,,,,,,,
中１,数学,iワークドリル,45,データの活用2 代表値,p.48,,,,,,,,
中１,数学,iワークドリル,46,データの活用3 近似値と有効数字,p.49,,,,,,,,
中１,数学,iワークプラス,1,正の数・負の数,p.2,,,,,,,,
中１,数学,iワークプラス,2,正の数・負の数の計算(1),p.4,,,,,,,,
中１,数学,iワークプラス,3,正の数・負の数の計算(2),p.6,,,,,,,,
中１,数学,iワークプラス,4,正の数・負の数の利用,p.8,,,,,,,,
中１,数学,iワークプラス,5,文字を使った式,p.10,,,,,,,,
中１,数学,iワークプラス,6,文字式の計算,p.12,,,,,,,,
中１,数学,iワークプラス,7,関係を表す式,p.14,,,,,,,,
中１,数学,iワークプラス,8,方程式とその解き方,p.16,,,,,,,,
中１,数学,iワークプラス,9,方程式の利用,p.18,,,,,,,,
中１,数学,iワークプラス,10,比例と反比例,p.20,,,,,,,,
中１,数学,iワークプラス,11,比例・反比例のグラフ,p.22,,,,,,,,
中１,数学,iワークプラス,12,比例・反比例の利用,p.24,,,,,,,,
中１,数学,iワークプラス,13,平面図形(1),p.26,,,,,,,,
中１,数学,iワークプラス,14,平面図形(2),p.28,,,,,,,,
中１,数学,iワークプラス,15,空間図形(1),p.30,,,,,,,,
中１,数学,iワークプラス,16,空間図形(2),p.32,,,,,,,,
中１,数学,iワークプラス,17,データの活用,p.34,,,,,,,,
中１,理科,iワークプラス,1,植物の生活と種類,p.4,,,,,,,,
中１,理科,iワークプラス,2,種子をつくる植物,p.8,,,,,,,,
中１,理科,iワークプラス,3,種子をつくらない植物・植物の分類,p.12,,,,,,,,
中１,理科,iワークプラス,4,身のまわりの物質,p.20,,,,,,,,
中１,理科,iワークプラス,5,気体の性質,p.24,,,,,,,,
中１,理科,iワークプラス,6,水溶液の性質,p.28,,,,,,,,
中１,理科,iワークプラス,7,状態変化,p.32,,,,,,,,
中１,理科,iワークプラス,8,物質の分離,p.36,,,,,,,,
中１,理科,iワークプラス,9,光の反射・屈折,p.44,,,,,,,,
中１,理科,iワークプラス,10,凸レンズの働き,p.48,,,,,,,,
中１,理科,iワークプラス,11,音の性質,p.52,,,,,,,,
中１,理科,iワークプラス,12,力の働き,p.56,,,,,,,,
中１,理科,iワークプラス,13,圧力,p.60,,,,,,,,
中１,理科,iワークプラス,14,火山と火成岩,p.68,,,,,,,,
中１,理科,iワークプラス,15,地震の伝わり方と地球の内部,p.72,,,,,,,,
中１,理科,iワークプラス,16,地層の重なりと過去の様子,p.76,,,,,,,,
中１,理科,iワークプラス,17,大地の変化,p.80,,,,,,,,
